snapshot_date,source_period,source_updated_at,name,description,sector,sector_slug,stage,geography,commit_velocity_14d,commit_velocity_change,contributors,contributor_growth,new_repos_30d,signal_type,vc_scout_score,momentum_flag,top_driver,risk_flag,github_url,website_url,profile_url
2025-07-01,q3-2025,,ClickHouse,,Data Infrastructure,data-infrastructure,Growth,US,1824.0,-1.0,100.0,0.0,4.0,Infrastructure buildout,,,,,https://github.com/ClickHouse,,
2025-07-01,q3-2025,,FlaxEngine,,Gaming,gaming,Growth,Unknown,39.0,-54.0,89.0,30.0,0.0,Framework migration,,,,,https://github.com/FlaxEngine,,
2025-07-01,q3-2025,,LiteFarmOrg,,AgTech,agtech,Growth,Canada,65.0,38.0,65.0,0.0,0.0,Framework migration,,,,,https://github.com/LiteFarmOrg,,
2025-07-01,q3-2025,,NDLANO,,EdTech,edtech,Series A/B,Unknown,14.0,-48.0,38.0,0.0,0.0,Framework migration,,,,,https://github.com/NDLANO,,
2025-07-01,q3-2025,,OpenC3,,Space Tech,space-tech,Series A/B,US,57.0,39.0,45.0,0.0,0.0,Framework migration,,,,,https://github.com/OpenC3,,
2025-07-01,q3-2025,,OpenCTI-Platform,,Cybersecurity,cybersecurity,Growth,US,56.0,-47.0,100.0,0.0,0.0,Framework migration,,,,,https://github.com/OpenCTI-Platform,,
2025-07-01,q3-2025,,OpenOLAT,,EdTech,edtech,Seed,EU,138.0,24.0,15.0,25.0,0.0,Framework migration,,,,,https://github.com/OpenOLAT,,
2025-07-01,q3-2025,,ParabolInc,,Enterprise SaaS,enterprise-saas,Growth,US,18.0,-5.0,78.0,0.0,1.0,Framework migration,,,,,https://github.com/ParabolInc,,
2025-07-01,q3-2025,,PostHog,,Data Infrastructure,data-infrastructure,Growth,US,184.0,24.0,100.0,0.0,3.0,Infrastructure buildout,,,,,https://github.com/PostHog,,
2025-07-01,q3-2025,,VictoriaMetrics,,Data Infrastructure,data-infrastructure,Growth,US,96.0,10.0,100.0,0.0,0.0,Framework migration,,,,,https://github.com/VictoriaMetrics,,
2025-07-01,q3-2025,,airbytehq,,Data Infrastructure,data-infrastructure,Growth,US,721.0,-10.0,100.0,0.0,0.0,Framework migration,,,,,https://github.com/airbytehq,,
2025-07-01,q3-2025,,akto-api-security,,Cybersecurity,cybersecurity,Growth,US,111.0,-8.0,53.0,0.0,1.0,Framework migration,,,,,https://github.com/akto-api-security,,
2025-07-01,q3-2025,,andes,,Healthcare,healthcare,Series A/B,Unknown,5.0,-44.0,44.0,19.0,0.0,Framework migration,,,,,https://github.com/andes,,
2025-07-01,q3-2025,,atrocore,,Enterprise SaaS,enterprise-saas,Seed,EU,69.0,-21.0,18.0,0.0,0.0,Framework migration,,,,,https://github.com/atrocore,,
2025-07-01,q3-2025,,bagisto,,E-commerce Infrastructure,ecommerce-infrastructure,Growth,APAC,16.0,-24.0,100.0,0.0,0.0,Framework migration,,,,,https://github.com/bagisto,,
2025-07-01,q3-2025,,bakaphp,,Social & Community,social-community,Seed,LATAM,506.0,20.0,14.0,8.0,1.0,Framework migration,,,,,https://github.com/bakaphp,,
2025-07-01,q3-2025,,ballerina-platform,,Healthcare,healthcare,Seed,Unknown,281.0,-1.0,11.0,0.0,0.0,Framework migration,,,,,https://github.com/ballerina-platform,,
2025-07-01,q3-2025,,betagouv,,AgTech,agtech,Growth,EU,10.0,100.0,100.0,32.0,1.0,Framework migration,,,,,https://github.com/betagouv,,
2025-07-01,q3-2025,,castle-engine,,Gaming,gaming,Series A/B,Unknown,96.0,52.0,24.0,0.0,0.0,Framework migration,,,,,https://github.com/castle-engine,,
2025-07-01,q3-2025,,cilium,,Cybersecurity,cybersecurity,Growth,Unknown,153.0,-26.0,100.0,0.0,1.0,Framework migration,,,,,https://github.com/cilium,,
2025-07-01,q3-2025,,dagster-io,,Data Infrastructure,data-infrastructure,Growth,US,85.0,-61.0,100.0,19.0,1.0,Framework migration,,,,,https://github.com/dagster-io,,
2025-07-01,q3-2025,,dbt-labs,,Data Infrastructure,data-infrastructure,Growth,Unknown,320.0,-31.0,100.0,0.0,2.0,Framework migration,,,,,https://github.com/dbt-labs,,
2025-07-01,q3-2025,,debezium,,Data Infrastructure,data-infrastructure,Growth,Unknown,64.0,-29.0,100.0,35.0,0.0,Framework migration,,,,,https://github.com/debezium,,
2025-07-01,q3-2025,,ever-co,,HR Tech,hr-tech,Growth,US,31.0,-62.0,79.0,0.0,1.0,Framework migration,,,,,https://github.com/ever-co,,
2025-07-01,q3-2025,,fleetdm,,Cybersecurity,cybersecurity,Growth,Unknown,247.0,13.0,100.0,0.0,0.0,Framework migration,,,,,https://github.com/fleetdm,,
2025-07-01,q3-2025,,gravitational,,Cybersecurity,cybersecurity,Growth,US,150.0,-19.0,100.0,8.0,0.0,Framework migration,,,,,https://github.com/gravitational,,
2025-07-01,q3-2025,,hapifhir,,Healthcare,healthcare,Growth,Unknown,17.0,-11.0,100.0,79.0,0.0,Engineering hiring burst,,,,,https://github.com/hapifhir,,
2025-07-01,q3-2025,,harvard-edge,,AI & Machine Learning,ai-ml,Growth,Unknown,92.0,-32.0,95.0,13.0,1.0,Framework migration,,,,,https://github.com/harvard-edge,,
2025-07-01,q3-2025,,horizontalsystems,,Web3,web3,Series A/B,Unknown,32.0,33.0,22.0,0.0,1.0,Framework migration,,,,,https://github.com/horizontalsystems,,
2025-07-01,q3-2025,,hpi-schul-cloud,,EdTech,edtech,Growth,EU,6.0,-14.0,100.0,0.0,2.0,Framework migration,,,,,https://github.com/hpi-schul-cloud,,
2025-07-01,q3-2025,,ihmcrobotics,,Robotics,robotics,Growth,Unknown,8.0,-68.0,79.0,6.0,0.0,Framework migration,,,,,https://github.com/ihmcrobotics,,
2025-07-01,q3-2025,,langchain-ai,,Enterprise SaaS,enterprise-saas,Growth,US,161.0,55.0,100.0,20.0,1.0,Framework migration,,,,,https://github.com/langchain-ai,,
2025-07-01,q3-2025,,masslight,,Healthcare,healthcare,Series A/B,Unknown,390.0,-21.0,24.0,0.0,0.0,Framework migration,,,,,https://github.com/masslight,,
2025-07-01,q3-2025,,mdn,,EdTech,edtech,Growth,Unknown,197.0,-17.0,100.0,0.0,0.0,Framework migration,,,,,https://github.com/mdn,,
2025-07-01,q3-2025,,naev,,Space Tech,space-tech,Growth,Unknown,305.0,37.0,100.0,0.0,0.0,Framework migration,,,,,https://github.com/naev,,
2025-07-01,q3-2025,,nco,,Climate Tech,climate-tech,Series A/B,Unknown,5.0,150.0,24.0,205.0,0.0,Engineering hiring burst,,,,,https://github.com/nco,,
2025-07-01,q3-2025,,nextcloud,,Social & Community,social-community,Growth,Unknown,98.0,13.0,100.0,0.0,0.0,Framework migration,,,,,https://github.com/nextcloud,,
2025-07-01,q3-2025,,nocobase,,Developer Tools,developer-tools,Growth,Unknown,239.0,152.0,98.0,0.0,1.0,Deploy frequency spike,,,,,https://github.com/nocobase,,
2025-07-01,q3-2025,,ohrrpgce,,Gaming,gaming,Pre-seed,Unknown,23.0,-63.0,3.0,240.0,0.0,Engineering hiring burst,,,,,https://github.com/ohrrpgce,,
2025-07-01,q3-2025,,open-condo-software,,PropTech,proptech,Growth,LATAM,64.0,100.0,51.0,0.0,0.0,Framework migration,,,,,https://github.com/open-condo-software,,
2025-07-01,q3-2025,,opennem,,Climate Tech,climate-tech,Seed,APAC,3.0,-81.0,9.0,121.0,0.0,Engineering hiring burst,,,,,https://github.com/opennem,,
2025-07-01,q3-2025,,orbiternassp,,Space Tech,space-tech,Series A/B,Unknown,30.0,-14.0,37.0,0.0,0.0,Framework migration,,,,,https://github.com/orbiternassp,,
2025-07-01,q3-2025,,paperless-ngx,,AI & Machine Learning,ai-ml,Growth,Unknown,13.0,-57.0,100.0,0.0,0.0,Framework migration,,,,,https://github.com/paperless-ngx,,
2025-07-01,q3-2025,,particify,,EdTech,edtech,Seed,EU,15.0,114.0,16.0,0.0,0.0,Framework migration,,,,,https://github.com/particify,,
2025-07-01,q3-2025,,polarsource,,Enterprise SaaS,enterprise-saas,Growth,Unknown,120.0,1.0,100.0,0.0,0.0,Framework migration,,,,,https://github.com/polarsource,,
2025-07-01,q3-2025,,projectdiscovery,,Cybersecurity,cybersecurity,Growth,Unknown,469.0,31.0,100.0,0.0,0.0,Framework migration,,,,,https://github.com/projectdiscovery,,
2025-07-01,q3-2025,,roboflow,,AI & Machine Learning,ai-ml,Growth,US,221.0,83.0,90.0,0.0,2.0,Framework migration,,,,,https://github.com/roboflow,,
2025-07-01,q3-2025,,saleor,,E-commerce Infrastructure,ecommerce-infrastructure,Growth,Unknown,32.0,-29.0,100.0,0.0,0.0,Framework migration,,,,,https://github.com/saleor,,
2025-07-01,q3-2025,,tenzir,,Cybersecurity,cybersecurity,Series A/B,EU,129.0,24.0,48.0,0.0,0.0,Framework migration,,,,,https://github.com/tenzir,,
2025-07-01,q3-2025,,third-culture-software,,Healthcare,healthcare,Series A/B,Unknown,44.0,19.0,27.0,0.0,1.0,Framework migration,,,,,https://github.com/third-culture-software,,
2025-07-01,q3-2025,,unacms,,Social & Community,social-community,Seed,Unknown,57.0,138.0,11.0,0.0,0.0,Framework migration,,,,,https://github.com/unacms,,
2025-07-01,q3-2025,,vuestorefront,,E-commerce Infrastructure,ecommerce-infrastructure,Growth,Unknown,1.0,999.0,100.0,0.0,0.0,Deploy frequency spike,,,,,https://github.com/vuestorefront,,
2025-07-01,q3-2025,,wazuh,,Legal Tech,legal-tech,Growth,US,184.0,-19.0,100.0,7.0,1.0,Framework migration,,,,,https://github.com/wazuh,,
2025-07-01,q3-2025,,zapplyjobs,,HR Tech,hr-tech,Seed,US,87.0,1143.0,8.0,220.0,0.0,Engineering hiring burst,,,,,https://github.com/zapplyjobs,,
2025-10-01,q4-2025,,ClickHouse,,Data Infrastructure,data-infrastructure,Growth,US,1805.0,11.0,100.0,0.0,4.0,Infrastructure buildout,,,,,https://github.com/ClickHouse,,
2025-10-01,q4-2025,,FlaxEngine,,Gaming,gaming,Growth,Unknown,91.0,11.0,89.0,30.0,0.0,Framework migration,,,,,https://github.com/FlaxEngine,,
2025-10-01,q4-2025,,LiteFarmOrg,,AgTech,agtech,Growth,Canada,143.0,42.0,65.0,0.0,0.0,Framework migration,,,,,https://github.com/LiteFarmOrg,,
2025-10-01,q4-2025,,NDLANO,,EdTech,edtech,Series A/B,Unknown,18.0,-59.0,28.0,10.0,0.0,Framework migration,,,,,https://github.com/NDLANO,,
2025-10-01,q4-2025,,OpenC3,,Space Tech,space-tech,Series A/B,US,42.0,-58.0,45.0,0.0,0.0,Framework migration,,,,,https://github.com/OpenC3,,
2025-10-01,q4-2025,,OpenCTI-Platform,,Cybersecurity,cybersecurity,Growth,US,102.0,15.0,100.0,0.0,0.0,Framework migration,,,,,https://github.com/OpenCTI-Platform,,
2025-10-01,q4-2025,,OpenOLAT,,EdTech,edtech,Seed,EU,85.0,-25.0,15.0,25.0,0.0,Framework migration,,,,,https://github.com/OpenOLAT,,
2025-10-01,q4-2025,,ParabolInc,,Enterprise SaaS,enterprise-saas,Growth,US,37.0,-14.0,78.0,0.0,1.0,Framework migration,,,,,https://github.com/ParabolInc,,
2025-10-01,q4-2025,,PostHog,,Data Infrastructure,data-infrastructure,Growth,US,239.0,-21.0,100.0,0.0,3.0,Infrastructure buildout,,,,,https://github.com/PostHog,,
2025-10-01,q4-2025,,VictoriaMetrics,,Data Infrastructure,data-infrastructure,Growth,US,60.0,5.0,100.0,0.0,0.0,Framework migration,,,,,https://github.com/VictoriaMetrics,,
2025-10-01,q4-2025,,airbytehq,,Data Infrastructure,data-infrastructure,Growth,US,897.0,20.0,100.0,0.0,0.0,Framework migration,,,,,https://github.com/airbytehq,,
2025-10-01,q4-2025,,akto-api-security,,Cybersecurity,cybersecurity,Growth,US,182.0,-8.0,53.0,0.0,1.0,Framework migration,,,,,https://github.com/akto-api-security,,
2025-10-01,q4-2025,,andes,,Healthcare,healthcare,Series A/B,Unknown,5.0,-44.0,44.0,19.0,0.0,Framework migration,,,,,https://github.com/andes,,
2025-10-01,q4-2025,,atrocore,,Enterprise SaaS,enterprise-saas,Seed,EU,66.0,-39.0,18.0,0.0,0.0,Framework migration,,,,,https://github.com/atrocore,,
2025-10-01,q4-2025,,bagisto,,E-commerce Infrastructure,ecommerce-infrastructure,Growth,APAC,58.0,57.0,100.0,0.0,0.0,Framework migration,,,,,https://github.com/bagisto,,
2025-10-01,q4-2025,,bakaphp,,Social & Community,social-community,Seed,LATAM,502.0,-13.0,14.0,8.0,1.0,Framework migration,,,,,https://github.com/bakaphp,,
2025-10-01,q4-2025,,ballerina-platform,,Healthcare,healthcare,Seed,Unknown,287.0,-4.0,11.0,0.0,0.0,Framework migration,,,,,https://github.com/ballerina-platform,,
2025-10-01,q4-2025,,betagouv,,AgTech,agtech,Growth,EU,10.0,43.0,100.0,32.0,1.0,Framework migration,,,,,https://github.com/betagouv,,
2025-10-01,q4-2025,,castle-engine,,Gaming,gaming,Series A/B,Unknown,37.0,106.0,24.0,0.0,0.0,Framework migration,,,,,https://github.com/castle-engine,,
2025-10-01,q4-2025,,cilium,,Cybersecurity,cybersecurity,Growth,Unknown,164.0,-13.0,100.0,0.0,1.0,Framework migration,,,,,https://github.com/cilium,,
2025-10-01,q4-2025,,dagster-io,,Data Infrastructure,data-infrastructure,Growth,US,123.0,17.0,100.0,19.0,1.0,Framework migration,,,,,https://github.com/dagster-io,,
2025-10-01,q4-2025,,dbt-labs,,Data Infrastructure,data-infrastructure,Growth,Unknown,573.0,60.0,100.0,0.0,2.0,Framework migration,,,,,https://github.com/dbt-labs,,
2025-10-01,q4-2025,,debezium,,Data Infrastructure,data-infrastructure,Growth,Unknown,106.0,-11.0,100.0,35.0,0.0,Framework migration,,,,,https://github.com/debezium,,
2025-10-01,q4-2025,,ever-co,,HR Tech,hr-tech,Growth,US,23.0,-34.0,79.0,0.0,1.0,Framework migration,,,,,https://github.com/ever-co,,
2025-10-01,q4-2025,,fleetdm,,Cybersecurity,cybersecurity,Growth,Unknown,280.0,3.0,100.0,0.0,0.0,Framework migration,,,,,https://github.com/fleetdm,,
2025-10-01,q4-2025,,gravitational,,Cybersecurity,cybersecurity,Growth,US,178.0,-1.0,100.0,8.0,0.0,Framework migration,,,,,https://github.com/gravitational,,
2025-10-01,q4-2025,,hapifhir,,Healthcare,healthcare,Growth,Unknown,11.0,-15.0,100.0,79.0,0.0,Engineering hiring burst,,,,,https://github.com/hapifhir,,
2025-10-01,q4-2025,,harvard-edge,,AI & Machine Learning,ai-ml,Growth,Unknown,191.0,-1.0,95.0,13.0,1.0,Framework migration,,,,,https://github.com/harvard-edge,,
2025-10-01,q4-2025,,horizontalsystems,,Web3,web3,Series A/B,Unknown,36.0,-5.0,22.0,0.0,1.0,Framework migration,,,,,https://github.com/horizontalsystems,,
2025-10-01,q4-2025,,hpi-schul-cloud,,EdTech,edtech,Growth,EU,4.0,-20.0,100.0,0.0,2.0,Framework migration,,,,,https://github.com/hpi-schul-cloud,,
2025-10-01,q4-2025,,ihmcrobotics,,Robotics,robotics,Growth,Unknown,34.0,-11.0,79.0,6.0,0.0,Framework migration,,,,,https://github.com/ihmcrobotics,,
2025-10-01,q4-2025,,langchain-ai,,Enterprise SaaS,enterprise-saas,Growth,US,226.0,42.0,100.0,20.0,1.0,Framework migration,,,,,https://github.com/langchain-ai,,
2025-10-01,q4-2025,,masslight,,Healthcare,healthcare,Series A/B,Unknown,425.0,-12.0,24.0,0.0,0.0,Framework migration,,,,,https://github.com/masslight,,
2025-10-01,q4-2025,,mdn,,EdTech,edtech,Growth,Unknown,692.0,68.0,100.0,0.0,0.0,Framework migration,,,,,https://github.com/mdn,,
2025-10-01,q4-2025,,naev,,Space Tech,space-tech,Growth,Unknown,140.0,46.0,100.0,0.0,0.0,Framework migration,,,,,https://github.com/naev,,
2025-10-01,q4-2025,,nco,,Climate Tech,climate-tech,Series A/B,Unknown,6.0,0.0,24.0,205.0,0.0,Engineering hiring burst,,,,,https://github.com/nco,,
2025-10-01,q4-2025,,nextcloud,,Social & Community,social-community,Growth,Unknown,132.0,6.0,100.0,0.0,0.0,Framework migration,,,,,https://github.com/nextcloud,,
2025-10-01,q4-2025,,nocobase,,Developer Tools,developer-tools,Growth,Unknown,60.0,67.0,98.0,0.0,1.0,Framework migration,,,,,https://github.com/nocobase,,
2025-10-01,q4-2025,,odpi,,Data Infrastructure,data-infrastructure,Growth,Unknown,15.0,-69.0,62.0,0.0,0.0,Framework migration,,,,,https://github.com/odpi,,
2025-10-01,q4-2025,,ohrrpgce,,Gaming,gaming,Pre-seed,Unknown,18.0,-47.0,3.0,240.0,0.0,Engineering hiring burst,,,,,https://github.com/ohrrpgce,,
2025-10-01,q4-2025,,open-condo-software,,PropTech,proptech,Growth,LATAM,68.0,-3.0,51.0,0.0,0.0,Framework migration,,,,,https://github.com/open-condo-software,,
2025-10-01,q4-2025,,opennem,,Climate Tech,climate-tech,Seed,APAC,22.0,16.0,9.0,121.0,0.0,Engineering hiring burst,,,,,https://github.com/opennem,,
2025-10-01,q4-2025,,orbiternassp,,Space Tech,space-tech,Series A/B,Unknown,50.0,138.0,37.0,0.0,0.0,Framework migration,,,,,https://github.com/orbiternassp,,
2025-10-01,q4-2025,,paperless-ngx,,AI & Machine Learning,ai-ml,Growth,Unknown,19.0,-60.0,100.0,0.0,0.0,Framework migration,,,,,https://github.com/paperless-ngx,,
2025-10-01,q4-2025,,particify,,EdTech,edtech,Seed,EU,24.0,-38.0,16.0,0.0,0.0,Framework migration,,,,,https://github.com/particify,,
2025-10-01,q4-2025,,polarsource,,Enterprise SaaS,enterprise-saas,Growth,Unknown,164.0,-18.0,100.0,0.0,0.0,Framework migration,,,,,https://github.com/polarsource,,
2025-10-01,q4-2025,,projectdiscovery,,Cybersecurity,cybersecurity,Growth,Unknown,882.0,53.0,100.0,0.0,0.0,Framework migration,,,,,https://github.com/projectdiscovery,,
2025-10-01,q4-2025,,roboflow,,AI & Machine Learning,ai-ml,Growth,US,100.0,-61.0,90.0,0.0,2.0,Framework migration,,,,,https://github.com/roboflow,,
2025-10-01,q4-2025,,saleor,,E-commerce Infrastructure,ecommerce-infrastructure,Growth,Unknown,9.0,-59.0,100.0,0.0,0.0,Framework migration,,,,,https://github.com/saleor,,
2025-10-01,q4-2025,,tenzir,,Cybersecurity,cybersecurity,Series A/B,EU,144.0,17.0,48.0,0.0,0.0,Framework migration,,,,,https://github.com/tenzir,,
2025-10-01,q4-2025,,third-culture-software,,Healthcare,healthcare,Series A/B,Unknown,2.0,-80.0,27.0,0.0,1.0,Framework migration,,,,,https://github.com/third-culture-software,,
2025-10-01,q4-2025,,unacms,,Social & Community,social-community,Seed,Unknown,54.0,-16.0,11.0,0.0,0.0,Framework migration,,,,,https://github.com/unacms,,
2025-10-01,q4-2025,,wazuh,,Legal Tech,legal-tech,Growth,US,245.0,-8.0,100.0,7.0,1.0,Framework migration,,,,,https://github.com/wazuh,,
2025-10-01,q4-2025,,zapplyjobs,,HR Tech,hr-tech,Seed,US,43.0,999.0,8.0,220.0,0.0,Engineering hiring burst,,,,,https://github.com/zapplyjobs,,
2026-01-01,q1-2026,,ClickHouse,,Data Infrastructure,data-infrastructure,Growth,US,2090.0,82.0,100.0,0.0,4.0,Infrastructure buildout,,,,,https://github.com/ClickHouse,,
2026-01-01,q1-2026,,FlaxEngine,,Gaming,gaming,Growth,Unknown,75.0,88.0,89.0,30.0,0.0,Framework migration,,,,,https://github.com/FlaxEngine,,
2026-01-01,q1-2026,,LiteFarmOrg,,AgTech,agtech,Growth,Canada,83.0,999.0,65.0,0.0,0.0,Deploy frequency spike,,,,,https://github.com/LiteFarmOrg,,
2026-01-01,q1-2026,,NDLANO,,EdTech,edtech,Series A/B,Unknown,20.0,999.0,28.0,10.0,0.0,Deploy frequency spike,,,,,https://github.com/NDLANO,,
2026-01-01,q1-2026,,OpenC3,,Space Tech,space-tech,Series A/B,US,159.0,4.0,45.0,0.0,0.0,Framework migration,,,,,https://github.com/OpenC3,,
2026-01-01,q1-2026,,OpenCTI-Platform,,Cybersecurity,cybersecurity,Growth,US,158.0,285.0,100.0,0.0,0.0,Deploy frequency spike,,,,,https://github.com/OpenCTI-Platform,,
2026-01-01,q1-2026,,OpenOLAT,,EdTech,edtech,Seed,EU,142.0,517.0,15.0,25.0,0.0,Deploy frequency spike,,,,,https://github.com/OpenOLAT,,
2026-01-01,q1-2026,,ParabolInc,,Enterprise SaaS,enterprise-saas,Growth,US,23.0,999.0,78.0,0.0,1.0,Deploy frequency spike,,,,,https://github.com/ParabolInc,,
2026-01-01,q1-2026,,PostHog,,Data Infrastructure,data-infrastructure,Growth,US,224.0,273.0,100.0,0.0,3.0,Infrastructure buildout,,,,,https://github.com/PostHog,,
2026-01-01,q1-2026,,VictoriaMetrics,,Data Infrastructure,data-infrastructure,Growth,US,65.0,117.0,100.0,0.0,0.0,Framework migration,,,,,https://github.com/VictoriaMetrics,,
2026-01-01,q1-2026,,airbytehq,,Data Infrastructure,data-infrastructure,Growth,US,559.0,1647.0,100.0,0.0,0.0,Deploy frequency spike,,,,,https://github.com/airbytehq,,
2026-01-01,q1-2026,,akto-api-security,,Cybersecurity,cybersecurity,Growth,US,311.0,141.0,53.0,0.0,1.0,Framework migration,,,,,https://github.com/akto-api-security,,
2026-01-01,q1-2026,,andes,,Healthcare,healthcare,Series A/B,Unknown,4.0,999.0,44.0,19.0,0.0,Deploy frequency spike,,,,,https://github.com/andes,,
2026-01-01,q1-2026,,atrocore,,Enterprise SaaS,enterprise-saas,Seed,EU,76.0,-20.0,18.0,0.0,0.0,Framework migration,,,,,https://github.com/atrocore,,
2026-01-01,q1-2026,,bagisto,,E-commerce Infrastructure,ecommerce-infrastructure,Growth,APAC,115.0,58.0,100.0,0.0,0.0,Framework migration,,,,,https://github.com/bagisto,,
2026-01-01,q1-2026,,bakaphp,,Social & Community,social-community,Seed,LATAM,440.0,19.0,14.0,8.0,1.0,Framework migration,,,,,https://github.com/bakaphp,,
2026-01-01,q1-2026,,ballerina-platform,,Healthcare,healthcare,Seed,Unknown,215.0,999.0,11.0,0.0,0.0,Deploy frequency spike,,,,,https://github.com/ballerina-platform,,
2026-01-01,q1-2026,,betagouv,,AgTech,agtech,Growth,EU,12.0,100.0,100.0,32.0,1.0,Framework migration,,,,,https://github.com/betagouv,,
2026-01-01,q1-2026,,castle-engine,,Gaming,gaming,Series A/B,Unknown,84.0,282.0,24.0,0.0,0.0,Deploy frequency spike,,,,,https://github.com/castle-engine,,
2026-01-01,q1-2026,,cilium,,Cybersecurity,cybersecurity,Growth,Unknown,220.0,224.0,100.0,0.0,1.0,Deploy frequency spike,,,,,https://github.com/cilium,,
2026-01-01,q1-2026,,dagster-io,,Data Infrastructure,data-infrastructure,Growth,US,108.0,192.0,100.0,19.0,1.0,Deploy frequency spike,,,,,https://github.com/dagster-io,,
2026-01-01,q1-2026,,dbt-labs,,Data Infrastructure,data-infrastructure,Growth,Unknown,481.0,533.0,100.0,0.0,2.0,Deploy frequency spike,,,,,https://github.com/dbt-labs,,
2026-01-01,q1-2026,,debezium,,Data Infrastructure,data-infrastructure,Growth,Unknown,61.0,408.0,100.0,35.0,0.0,Deploy frequency spike,,,,,https://github.com/debezium,,
2026-01-01,q1-2026,,ever-co,,HR Tech,hr-tech,Growth,US,50.0,79.0,79.0,0.0,1.0,Framework migration,,,,,https://github.com/ever-co,,
2026-01-01,q1-2026,,fleetdm,,Cybersecurity,cybersecurity,Growth,Unknown,360.0,221.0,100.0,0.0,0.0,Deploy frequency spike,,,,,https://github.com/fleetdm,,
2026-01-01,q1-2026,,gravitational,,Cybersecurity,cybersecurity,Growth,US,155.0,118.0,100.0,8.0,0.0,Framework migration,,,,,https://github.com/gravitational,,
2026-01-01,q1-2026,,hapifhir,,Healthcare,healthcare,Growth,Unknown,33.0,1550.0,100.0,79.0,0.0,Engineering hiring burst,,,,,https://github.com/hapifhir,,
2026-01-01,q1-2026,,harvard-edge,,AI & Machine Learning,ai-ml,Growth,Unknown,367.0,63.0,95.0,13.0,1.0,Framework migration,,,,,https://github.com/harvard-edge,,
2026-01-01,q1-2026,,horizontalsystems,,Web3,web3,Series A/B,Unknown,98.0,180.0,22.0,0.0,1.0,Deploy frequency spike,,,,,https://github.com/horizontalsystems,,
2026-01-01,q1-2026,,hpi-schul-cloud,,EdTech,edtech,Growth,EU,5.0,999.0,100.0,0.0,2.0,Deploy frequency spike,,,,,https://github.com/hpi-schul-cloud,,
2026-01-01,q1-2026,,ihmcrobotics,,Robotics,robotics,Growth,Unknown,45.0,800.0,79.0,6.0,0.0,Deploy frequency spike,,,,,https://github.com/ihmcrobotics,,
2026-01-01,q1-2026,,langchain-ai,,Enterprise SaaS,enterprise-saas,Growth,US,159.0,137.0,100.0,20.0,1.0,Framework migration,,,,,https://github.com/langchain-ai,,
2026-01-01,q1-2026,,masslight,,Healthcare,healthcare,Series A/B,Unknown,392.0,72.0,24.0,0.0,0.0,Framework migration,,,,,https://github.com/masslight,,
2026-01-01,q1-2026,,mdn,,EdTech,edtech,Growth,Unknown,492.0,13.0,100.0,0.0,0.0,Framework migration,,,,,https://github.com/mdn,,
2026-01-01,q1-2026,,naev,,Space Tech,space-tech,Growth,Unknown,185.0,-19.0,100.0,0.0,0.0,Framework migration,,,,,https://github.com/naev,,
2026-01-01,q1-2026,,nco,,Climate Tech,climate-tech,Series A/B,Unknown,2.0,100.0,24.0,205.0,0.0,Engineering hiring burst,,,,,https://github.com/nco,,
2026-01-01,q1-2026,,nextcloud,,Social & Community,social-community,Growth,Unknown,53.0,430.0,100.0,0.0,0.0,Deploy frequency spike,,,,,https://github.com/nextcloud,,
2026-01-01,q1-2026,,nocobase,,Developer Tools,developer-tools,Growth,Unknown,267.0,37.0,98.0,0.0,1.0,Framework migration,,,,,https://github.com/nocobase,,
2026-01-01,q1-2026,,odpi,,Data Infrastructure,data-infrastructure,Growth,Unknown,17.0,-60.0,62.0,0.0,0.0,Framework migration,,,,,https://github.com/odpi,,
2026-01-01,q1-2026,,ohrrpgce,,Gaming,gaming,Pre-seed,Unknown,38.0,280.0,3.0,240.0,0.0,Engineering hiring burst,,,,,https://github.com/ohrrpgce,,
2026-01-01,q1-2026,,open-condo-software,,PropTech,proptech,Growth,LATAM,23.0,15.0,51.0,0.0,0.0,Framework migration,,,,,https://github.com/open-condo-software,,
2026-01-01,q1-2026,,opennem,,Climate Tech,climate-tech,Seed,APAC,31.0,999.0,9.0,121.0,0.0,Engineering hiring burst,,,,,https://github.com/opennem,,
2026-01-01,q1-2026,,orbiternassp,,Space Tech,space-tech,Series A/B,Unknown,46.0,12.0,37.0,0.0,0.0,Framework migration,,,,,https://github.com/orbiternassp,,
2026-01-01,q1-2026,,paperless-ngx,,AI & Machine Learning,ai-ml,Growth,Unknown,61.0,336.0,100.0,0.0,0.0,Deploy frequency spike,,,,,https://github.com/paperless-ngx,,
2026-01-01,q1-2026,,particify,,EdTech,edtech,Seed,EU,14.0,999.0,16.0,0.0,0.0,Deploy frequency spike,,,,,https://github.com/particify,,
2026-01-01,q1-2026,,polarsource,,Enterprise SaaS,enterprise-saas,Growth,Unknown,289.0,456.0,100.0,0.0,0.0,Deploy frequency spike,,,,,https://github.com/polarsource,,
2026-01-01,q1-2026,,projectdiscovery,,Cybersecurity,cybersecurity,Growth,Unknown,994.0,52.0,100.0,0.0,0.0,Framework migration,,,,,https://github.com/projectdiscovery,,
2026-01-01,q1-2026,,roboflow,,AI & Machine Learning,ai-ml,Growth,US,127.0,-29.0,90.0,0.0,2.0,Framework migration,,,,,https://github.com/roboflow,,
2026-01-01,q1-2026,,saleor,,E-commerce Infrastructure,ecommerce-infrastructure,Growth,Unknown,9.0,29.0,100.0,0.0,0.0,Framework migration,,,,,https://github.com/saleor,,
2026-01-01,q1-2026,,tenzir,,Cybersecurity,cybersecurity,Series A/B,EU,208.0,66.0,48.0,0.0,0.0,Framework migration,,,,,https://github.com/tenzir,,
2026-01-01,q1-2026,,third-culture-software,,Healthcare,healthcare,Series A/B,Unknown,23.0,360.0,27.0,0.0,1.0,Deploy frequency spike,,,,,https://github.com/third-culture-software,,
2026-01-01,q1-2026,,unacms,,Social & Community,social-community,Seed,Unknown,33.0,-30.0,11.0,0.0,0.0,Framework migration,,,,,https://github.com/unacms,,
2026-01-01,q1-2026,,wazuh,,Legal Tech,legal-tech,Growth,US,260.0,65.0,100.0,7.0,1.0,Framework migration,,,,,https://github.com/wazuh,,
2026-01-01,q1-2026,,zapplyjobs,,HR Tech,hr-tech,Seed,US,6.0,-60.0,8.0,220.0,0.0,Engineering hiring burst,,,,,https://github.com/zapplyjobs,,
2026-04-01,q2-2026,,ClickHouse,,Data Infrastructure,data-infrastructure,Growth,US,2184.0,-40.0,100.0,0.0,4.0,Infrastructure buildout,,,,,https://github.com/ClickHouse,,
2026-04-01,q2-2026,,FlaxEngine,,Gaming,gaming,Growth,Unknown,83.0,-55.0,89.0,30.0,0.0,Framework migration,,,,,https://github.com/FlaxEngine,,
2026-04-01,q2-2026,,LiteFarmOrg,,AgTech,agtech,Growth,Canada,84.0,-41.0,65.0,0.0,0.0,Framework migration,,,,,https://github.com/LiteFarmOrg,,
2026-04-01,q2-2026,,NDLANO,,EdTech,edtech,Series A/B,Unknown,42.0,-5.0,28.0,10.0,0.0,Framework migration,,,,,https://github.com/NDLANO,,
2026-04-01,q2-2026,,OpenC3,,Space Tech,space-tech,Series A/B,US,87.0,0.0,45.0,0.0,0.0,Framework migration,,,,,https://github.com/OpenC3,,
2026-04-01,q2-2026,,OpenCTI-Platform,,Cybersecurity,cybersecurity,Growth,US,73.0,-31.0,100.0,0.0,0.0,Framework migration,,,,,https://github.com/OpenCTI-Platform,,
2026-04-01,q2-2026,,OpenOLAT,,EdTech,edtech,Seed,EU,102.0,-33.0,15.0,25.0,0.0,Framework migration,,,,,https://github.com/OpenOLAT,,
2026-04-01,q2-2026,,ParabolInc,,Enterprise SaaS,enterprise-saas,Growth,US,21.0,-56.0,78.0,0.0,1.0,Framework migration,,,,,https://github.com/ParabolInc,,
2026-04-01,q2-2026,,PostHog,,Data Infrastructure,data-infrastructure,Growth,US,231.0,-11.0,100.0,0.0,3.0,Infrastructure buildout,,,,,https://github.com/PostHog,,
2026-04-01,q2-2026,,VictoriaMetrics,,Data Infrastructure,data-infrastructure,Growth,US,71.0,4.0,100.0,0.0,0.0,Framework migration,,,,,https://github.com/VictoriaMetrics,,
2026-04-01,q2-2026,,airbytehq,,Data Infrastructure,data-infrastructure,Growth,US,164.0,-77.0,100.0,0.0,0.0,Framework migration,,,,,https://github.com/airbytehq,,
2026-04-01,q2-2026,,akto-api-security,,Cybersecurity,cybersecurity,Growth,US,267.0,75.0,53.0,0.0,1.0,Framework migration,,,,,https://github.com/akto-api-security,,
2026-04-01,q2-2026,,andes,,Healthcare,healthcare,Series A/B,Unknown,8.0,-47.0,44.0,19.0,0.0,Framework migration,,,,,https://github.com/andes,,
2026-04-01,q2-2026,,atrocore,,Enterprise SaaS,enterprise-saas,Seed,EU,70.0,-32.0,18.0,0.0,0.0,Framework migration,,,,,https://github.com/atrocore,,
2026-04-01,q2-2026,,bagisto,,E-commerce Infrastructure,ecommerce-infrastructure,Growth,APAC,39.0,39.0,100.0,0.0,0.0,Framework migration,,,,,https://github.com/bagisto,,
2026-04-01,q2-2026,,bakaphp,,Social & Community,social-community,Seed,LATAM,598.0,32.0,14.0,8.0,1.0,Framework migration,,,,,https://github.com/bakaphp,,
2026-04-01,q2-2026,,betagouv,,AgTech,agtech,Growth,EU,16.0,-24.0,100.0,32.0,1.0,Framework migration,,,,,https://github.com/betagouv,,
2026-04-01,q2-2026,,castle-engine,,Gaming,gaming,Series A/B,Unknown,40.0,344.0,24.0,0.0,0.0,Deploy frequency spike,,,,,https://github.com/castle-engine,,
2026-04-01,q2-2026,,cilium,,Cybersecurity,cybersecurity,Growth,Unknown,70.0,-59.0,100.0,0.0,1.0,Framework migration,,,,,https://github.com/cilium,,
2026-04-01,q2-2026,,dagster-io,,Data Infrastructure,data-infrastructure,Growth,US,120.0,-4.0,100.0,19.0,1.0,Framework migration,,,,,https://github.com/dagster-io,,
2026-04-01,q2-2026,,dbt-labs,,Data Infrastructure,data-infrastructure,Growth,Unknown,362.0,-21.0,100.0,0.0,2.0,Framework migration,,,,,https://github.com/dbt-labs,,
2026-04-01,q2-2026,,debezium,,Data Infrastructure,data-infrastructure,Growth,Unknown,61.0,-55.0,100.0,35.0,0.0,Framework migration,,,,,https://github.com/debezium,,
2026-04-01,q2-2026,,ever-co,,HR Tech,hr-tech,Growth,US,13.0,-50.0,79.0,0.0,1.0,Framework migration,,,,,https://github.com/ever-co,,
2026-04-01,q2-2026,,fleetdm,,Cybersecurity,cybersecurity,Growth,Unknown,347.0,-26.0,100.0,0.0,0.0,Framework migration,,,,,https://github.com/fleetdm,,
2026-04-01,q2-2026,,gravitational,,Cybersecurity,cybersecurity,Growth,US,169.0,-12.0,100.0,8.0,0.0,Framework migration,,,,,https://github.com/gravitational,,
2026-04-01,q2-2026,,hapifhir,,Healthcare,healthcare,Growth,Unknown,22.0,-56.0,100.0,79.0,0.0,Engineering hiring burst,,,,,https://github.com/hapifhir,,
2026-04-01,q2-2026,,harvard-edge,,AI & Machine Learning,ai-ml,Growth,Unknown,337.0,-30.0,95.0,13.0,1.0,Framework migration,,,,,https://github.com/harvard-edge,,
2026-04-01,q2-2026,,horizontalsystems,,Web3,web3,Series A/B,Unknown,13.0,-72.0,22.0,0.0,1.0,Framework migration,,,,,https://github.com/horizontalsystems,,
2026-04-01,q2-2026,,hpi-schul-cloud,,EdTech,edtech,Growth,EU,3.0,-75.0,100.0,0.0,2.0,Framework migration,,,,,https://github.com/hpi-schul-cloud,,
2026-04-01,q2-2026,,ihmcrobotics,,Robotics,robotics,Growth,Unknown,23.0,44.0,79.0,6.0,0.0,Framework migration,,,,,https://github.com/ihmcrobotics,,
2026-04-01,q2-2026,,langchain-ai,,Enterprise SaaS,enterprise-saas,Growth,US,105.0,-5.0,100.0,20.0,1.0,Framework migration,,,,,https://github.com/langchain-ai,,
2026-04-01,q2-2026,,masslight,,Healthcare,healthcare,Series A/B,Unknown,110.0,-71.0,24.0,0.0,0.0,Framework migration,,,,,https://github.com/masslight,,
2026-04-01,q2-2026,,mdn,,EdTech,edtech,Growth,Unknown,225.0,-55.0,100.0,0.0,0.0,Framework migration,,,,,https://github.com/mdn,,
2026-04-01,q2-2026,,naev,,Space Tech,space-tech,Growth,Unknown,71.0,-58.0,100.0,0.0,0.0,Framework migration,,,,,https://github.com/naev,,
2026-04-01,q2-2026,,nco,,Climate Tech,climate-tech,Series A/B,Unknown,20.0,-29.0,24.0,205.0,0.0,Engineering hiring burst,,,,,https://github.com/nco,,
2026-04-01,q2-2026,,nextcloud,,Social & Community,social-community,Growth,Unknown,57.0,-39.0,100.0,0.0,0.0,Framework migration,,,,,https://github.com/nextcloud,,
2026-04-01,q2-2026,,nocobase,,Developer Tools,developer-tools,Growth,Unknown,54.0,-25.0,98.0,0.0,1.0,Framework migration,,,,,https://github.com/nocobase,,
2026-04-01,q2-2026,,odpi,,Data Infrastructure,data-infrastructure,Growth,Unknown,8.0,-64.0,62.0,0.0,0.0,Framework migration,,,,,https://github.com/odpi,,
2026-04-01,q2-2026,,ohrrpgce,,Gaming,gaming,Pre-seed,Unknown,1.0,-94.0,3.0,240.0,0.0,Engineering hiring burst,,,,,https://github.com/ohrrpgce,,
2026-04-01,q2-2026,,open-condo-software,,PropTech,proptech,Growth,LATAM,46.0,-6.0,51.0,0.0,0.0,Framework migration,,,,,https://github.com/open-condo-software,,
2026-04-01,q2-2026,,opennem,,Climate Tech,climate-tech,Seed,APAC,29.0,-79.0,9.0,121.0,0.0,Engineering hiring burst,,,,,https://github.com/opennem,,
2026-04-01,q2-2026,,orbiternassp,,Space Tech,space-tech,Series A/B,Unknown,30.0,329.0,37.0,0.0,0.0,Deploy frequency spike,,,,,https://github.com/orbiternassp,,
2026-04-01,q2-2026,,paperless-ngx,,AI & Machine Learning,ai-ml,Growth,Unknown,54.0,-10.0,100.0,0.0,0.0,Framework migration,,,,,https://github.com/paperless-ngx,,
2026-04-01,q2-2026,,particify,,EdTech,edtech,Seed,EU,7.0,-12.0,16.0,0.0,0.0,Framework migration,,,,,https://github.com/particify,,
2026-04-01,q2-2026,,polarsource,,Enterprise SaaS,enterprise-saas,Growth,Unknown,291.0,-14.0,100.0,0.0,0.0,Framework migration,,,,,https://github.com/polarsource,,
2026-04-01,q2-2026,,projectdiscovery,,Cybersecurity,cybersecurity,Growth,Unknown,529.0,17.0,100.0,0.0,0.0,Framework migration,,,,,https://github.com/projectdiscovery,,
2026-04-01,q2-2026,,roboflow,,AI & Machine Learning,ai-ml,Growth,US,24.0,-60.0,90.0,0.0,2.0,Framework migration,,,,,https://github.com/roboflow,,
2026-04-01,q2-2026,,saleor,,E-commerce Infrastructure,ecommerce-infrastructure,Growth,Unknown,19.0,6.0,100.0,0.0,0.0,Framework migration,,,,,https://github.com/saleor,,
2026-04-01,q2-2026,,tenzir,,Cybersecurity,cybersecurity,Series A/B,EU,75.0,-56.0,48.0,0.0,0.0,Framework migration,,,,,https://github.com/tenzir,,
2026-04-01,q2-2026,,third-culture-software,,Healthcare,healthcare,Series A/B,Unknown,13.0,30.0,27.0,0.0,1.0,Framework migration,,,,,https://github.com/third-culture-software,,
2026-04-01,q2-2026,,unacms,,Social & Community,social-community,Seed,Unknown,34.0,-26.0,11.0,0.0,0.0,Framework migration,,,,,https://github.com/unacms,,
2026-04-01,q2-2026,,wazuh,,Legal Tech,legal-tech,Growth,US,215.0,-6.0,100.0,7.0,1.0,Framework migration,,,,,https://github.com/wazuh,,
2026-04-01,q2-2026,,zapplyjobs,,HR Tech,hr-tech,Seed,US,1158.0,-53.0,8.0,220.0,0.0,Engineering hiring burst,,,,,https://github.com/zapplyjobs,,
2026-08-10,Q3 2026,2026-08-10T08:54:03.448000+00:00,3D-Vision-World,Computer vision and 3D perception libraries for robotics applications including object detection and SLAM.,Robotics,robotics,Pre-seed,Unknown,2.0,0.0,3.0,0.0,0.0,Framework migration,36.3,Quiet,Commit acceleration,None,https://github.com/3D-Vision-World,,https://signals.gitdealflow.com/startup/3d-vision-world
2026-08-10,Q3 2026,2026-08-10T08:54:03.448000+00:00,ARPA-SIMC,"Agenzia regionale per la prevenzione, l'ambiente e l'energia dell'Emilia-Romagna",AgTech,agtech,Seed,Unknown,14.0,-42.0,12.0,0.0,0.0,Framework migration,39.2,Quiet,Commit acceleration,Momentum cooling,https://github.com/ARPA-SIMC,https://www.arpae.it/it/temi-ambientali/meteo/cosa-fa-arpae-meteo,https://signals.gitdealflow.com/startup/arpa-simc
2026-08-10,Q3 2026,2026-08-10T08:54:03.448000+00:00,AbsaOSS,ABSA Open Source,Data Infrastructure,data-infrastructure,Seed,Unknown,8.0,33.0,9.0,0.0,0.0,Framework migration,46.9,Quiet,Commit acceleration,None,https://github.com/AbsaOSS,https://www.absa.co.za,https://signals.gitdealflow.com/startup/absaoss
2026-08-10,Q3 2026,2026-08-10T08:54:03.448000+00:00,AdguardTeam,Cross-platform ad blocking and privacy protection software with 100M+ users worldwide.,Legal Tech,legal-tech,Growth,Unknown,643.0,-31.0,100.0,0.0,0.0,Framework migration,54.1,Watch,Absolute engineering velocity,Momentum cooling,https://github.com/AdguardTeam,https://adguard.com,https://signals.gitdealflow.com/startup/adguardteam
2026-08-10,Q3 2026,2026-08-10T08:54:03.448000+00:00,Adyen,"Global payments platform processing online, mobile, and in-store transactions for enterprise merchants.",E-commerce Infrastructure,ecommerce-infrastructure,Seed,EU,16.0,-47.0,13.0,0.0,0.0,Framework migration,38.6,Quiet,Absolute engineering velocity,Momentum cooling,https://github.com/Adyen,https://adyen.com,https://signals.gitdealflow.com/startup/adyen
2026-08-10,Q3 2026,2026-08-10T08:54:03.448000+00:00,AleksNeStu,"AI-powered real estate platform with conversational property search, analytics, and market insights. Built with FastAPI + Next.js + ChromaDB.",PropTech,proptech,Pre-seed,Unknown,6.0,-85.0,6.0,0.0,0.0,Framework migration,26.1,Quiet,Absolute engineering velocity,Momentum cooling,https://github.com/AleksNeStu,,https://signals.gitdealflow.com/startup/aleksnestu
2026-08-10,Q3 2026,2026-08-10T08:54:03.448000+00:00,Association-DataRing,Decentralized data governance framework enabling cross-organizational data sharing with policy enforcement.,Legal Tech,legal-tech,Pre-seed,EU,2.0,999.0,3.0,0.0,0.0,Deploy frequency spike,48.9,Quiet,Commit acceleration,None,https://github.com/Association-DataRing,https://www.data-ring.net,https://signals.gitdealflow.com/startup/association-dataring
2026-08-10,Q3 2026,2026-08-10T08:54:03.448000+00:00,BIRU-Scop,Open-source security compliance platform automating policy enforcement and audit readiness for enterprise teams.,Enterprise SaaS,enterprise-saas,Pre-seed,EU,2.0,-97.0,3.0,57.0,0.0,Engineering hiring burst,34.7,Quiet,Contributor growth,None,https://github.com/BIRU-Scop,https://biru.sh,https://signals.gitdealflow.com/startup/biru-scop
2026-08-10,Q3 2026,2026-08-10T08:54:03.448000+00:00,BLB3DPrinting,Open-source 3D printing firmware and hardware designs for industrial additive manufacturing.,Supply Chain,supply-chain,Pre-seed,US,3.0,-93.0,6.0,0.0,0.0,Framework migration,22.0,Quiet,Contributor growth,Momentum cooling,https://github.com/BLB3DPrinting,https://blb3dprinting.com,https://signals.gitdealflow.com/startup/blb3dprinting
2026-08-10,Q3 2026,2026-08-10T08:54:03.448000+00:00,BuilderIO,Visual development platform enabling teams to build and optimize digital experiences with a headless CMS and drag-and-drop editor.,E-commerce Infrastructure,ecommerce-infrastructure,Series A/B,Unknown,294.0,-45.0,40.0,61.0,1.0,Engineering hiring burst,69.6,Strong,Absolute engineering velocity,None,https://github.com/BuilderIO,https://builder.io,https://signals.gitdealflow.com/startup/builderio
2026-08-10,Q3 2026,2026-08-10T08:54:03.448000+00:00,CelestiaProject,Modular blockchain network that decouples execution from consensus for scalable decentralized applications.,Space Tech,space-tech,Series A/B,Unknown,7.0,133.0,34.0,67.0,0.0,Engineering hiring burst,67.4,Strong,Commit acceleration,None,https://github.com/CelestiaProject,https://celestiaproject.space,https://signals.gitdealflow.com/startup/celestiaproject
2026-08-10,Q3 2026,2026-08-10T08:54:03.448000+00:00,ChainSafe,Building the infrastructure for web3.,Web3,web3,Growth,Canada,19.0,-82.0,100.0,0.0,4.0,Infrastructure buildout,47.5,Quiet,Repository expansion,Momentum cooling,https://github.com/ChainSafe,https://chainsafe.io,https://signals.gitdealflow.com/startup/chainsafe
2026-08-10,Q3 2026,2026-08-10T08:54:03.448000+00:00,Cla-Code-Community,"Developer education platform providing coding bootcamps, mentorship, and open-source contribution programs.",HR Tech,hr-tech,Seed,LATAM,10.0,-50.0,16.0,0.0,1.0,Framework migration,42.0,Quiet,Repository expansion,Momentum cooling,https://github.com/Cla-Code-Community,,https://signals.gitdealflow.com/startup/cla-code-community
2026-08-10,Q3 2026,2026-08-10T08:54:03.448000+00:00,ClassIsland,一款适用于班级多媒体屏幕的课表的信息显示工具，可以一目了然地显示各种信息。,EdTech,edtech,Growth,APAC,5.0,400.0,56.0,0.0,0.0,Deploy frequency spike,55.1,Watch,Commit acceleration,None,https://github.com/ClassIsland,https://classisland.tech,https://signals.gitdealflow.com/startup/classisland
2026-08-10,Q3 2026,2026-08-10T08:54:03.448000+00:00,ClickHouse,The leading database for AI,Data Infrastructure,data-infrastructure,Growth,US,27.0,17.0,100.0,111.0,2.0,Engineering hiring burst,78.2,Strong,Commit acceleration,None,https://github.com/ClickHouse,https://clickhouse.com,https://signals.gitdealflow.com/startup/clickhouse
2026-08-10,Q3 2026,2026-08-10T08:54:03.448000+00:00,ConduitIO,"Real-time data integration platform connecting databases, services, and message queues through a unified streaming pipeline.",Data Infrastructure,data-infrastructure,Series A/B,Unknown,73.0,421.0,23.0,400.0,0.0,Engineering hiring burst,80.8,Breakout,Commit acceleration,None,https://github.com/ConduitIO,https://conduit.io,https://signals.gitdealflow.com/startup/conduitio
2026-08-10,Q3 2026,2026-08-10T08:54:03.448000+00:00,Consensys,Consensys is the software engineering leader of the blockchain space. Our full-stack Ethereum products help developers b,Web3,web3,Growth,Unknown,24.0,-41.0,100.0,0.0,2.0,Framework migration,52.5,Watch,Absolute engineering velocity,Momentum cooling,https://github.com/Consensys,https://www.consensys.io,https://signals.gitdealflow.com/startup/consensys
2026-08-10,Q3 2026,2026-08-10T08:54:03.448000+00:00,CosmWasm,Secure Multi-Chain Smart Contracts on the Cosmos SDK,Web3,web3,Growth,Unknown,4.0,-73.0,100.0,180.0,0.0,Engineering hiring burst,49.6,Quiet,Contributor growth,None,https://github.com/CosmWasm,https://cosmwasm.com,https://signals.gitdealflow.com/startup/cosmwasm
2026-08-10,Q3 2026,2026-08-10T08:54:03.448000+00:00,DSACMS,Digital Service at CMS,EdTech,edtech,Series A/B,US,30.0,-23.0,31.0,0.0,5.0,Infrastructure buildout,58.9,Watch,Commit acceleration,Momentum cooling,https://github.com/DSACMS,https://cms.gov/digital-service/open-source-program-office,https://signals.gitdealflow.com/startup/dsacms
2026-08-10,Q3 2026,2026-08-10T08:54:03.448000+00:00,DaedalusDock,Spacecraft simulation and mission analysis software for orbital mechanics and trajectory optimization.,Space Tech,space-tech,Growth,Unknown,23.0,44.0,100.0,0.0,0.0,Framework migration,55.8,Watch,Commit acceleration,None,https://github.com/DaedalusDock,https://daedalus13.net,https://signals.gitdealflow.com/startup/daedalusdock
2026-08-10,Q3 2026,2026-08-10T08:54:03.448000+00:00,DataSQRL,Build with Data,Data Infrastructure,data-infrastructure,Seed,Unknown,19.0,-30.0,14.0,1.0,0.0,Framework migration,50.0,Watch,Contributor growth,None,https://github.com/DataSQRL,http://www.datasqrl.com,https://signals.gitdealflow.com/startup/datasqrl
2026-08-10,Q3 2026,2026-08-10T08:54:03.448000+00:00,DimensionDev,Dimension official development organization,Web3,web3,Growth,Unknown,13.0,-38.0,71.0,236.0,0.0,Engineering hiring burst,61.3,Watch,Contributor growth,None,https://github.com/DimensionDev,https://dimension.im,https://signals.gitdealflow.com/startup/dimensiondev
2026-08-10,Q3 2026,2026-08-10T08:54:03.448000+00:00,DoliCloud,"DoliCloud, is the 1st SaaS provider of Dolibarr ERP CRM",Enterprise SaaS,enterprise-saas,Series A/B,EU,9.0,-31.0,22.0,21.0,0.0,Framework migration,49.7,Quiet,Contributor growth,None,https://github.com/DoliCloud,https://www.dolicloud.com,https://signals.gitdealflow.com/startup/dolicloud
2026-08-10,Q3 2026,2026-08-10T08:54:03.448000+00:00,EBWiki,repository of police abuse cases against people of color,Social & Community,social-community,Growth,Unknown,2.0,-60.0,81.0,0.0,0.0,Framework migration,31.4,Quiet,Team depth,Momentum cooling,https://github.com/EBWiki,,https://signals.gitdealflow.com/startup/ebwiki
2026-08-10,Q3 2026,2026-08-10T08:54:03.448000+00:00,Epic-Breakfast-Productions,Developing tools that help people improve the quality of life for themselves and others.,Supply Chain,supply-chain,Seed,Unknown,2.0,-92.0,16.0,0.0,0.0,Framework migration,22.7,Quiet,Contributor growth,Momentum cooling,https://github.com/Epic-Breakfast-Productions,http://epic-breakfast-productions.tech,https://signals.gitdealflow.com/startup/epic-breakfast-productions
2026-08-10,Q3 2026,2026-08-10T08:54:03.448000+00:00,Fields2Cover,Autonomous agricultural robotics planning library for optimal coverage path generation in precision farming.,AgTech,agtech,Series A/B,EU,5.0,999.0,22.0,400.0,0.0,Engineering hiring burst,73.3,Strong,Commit acceleration,None,https://github.com/Fields2Cover,,https://signals.gitdealflow.com/startup/fields2cover
2026-08-10,Q3 2026,2026-08-10T08:54:03.448000+00:00,Flexxbotics,"Robotic process automation platform for smart manufacturing, enabling robot-to-robot coordination on factory floors.",Robotics,robotics,Pre-seed,Unknown,4.0,999.0,4.0,400.0,0.0,Engineering hiring burst,68.7,Strong,Commit acceleration,None,https://github.com/Flexxbotics,,https://signals.gitdealflow.com/startup/flexxbotics
2026-08-10,Q3 2026,2026-08-10T08:54:03.448000+00:00,FoodOntology,"FoodOn, an OBOFoundry ontology, represents organism food sources, food products and other facet descriptors for human an",AgTech,agtech,Seed,Unknown,26.0,18.0,12.0,17.0,0.0,Framework migration,58.3,Watch,Commit acceleration,None,https://github.com/FoodOntology,http://foodon.org,https://signals.gitdealflow.com/startup/foodontology
2026-08-10,Q3 2026,2026-08-10T08:54:03.448000+00:00,FreedomIntelligence,Healthcare AI platform enabling secure federated learning and privacy-preserving medical data collaboration.,Healthcare,healthcare,Seed,Unknown,35.0,-62.0,16.0,52.0,4.0,Engineering hiring burst,61.3,Watch,Contributor growth,None,https://github.com/FreedomIntelligence,,https://signals.gitdealflow.com/startup/freedomintelligence
2026-08-10,Q3 2026,2026-08-10T08:54:03.448000+00:00,GetStream,"Build scalable in-app chat, feeds, and live video with AI moderation capabilities in hours, not weeks.",Social & Community,social-community,Series A/B,Unknown,9.0,-47.0,32.0,0.0,0.0,Framework migration,38.7,Quiet,Commit acceleration,Momentum cooling,https://github.com/GetStream,https://getstream.io,https://signals.gitdealflow.com/startup/getstream
2026-08-10,Q3 2026,2026-08-10T08:54:03.448000+00:00,Grashjs,"Asset and maintenance management software for industrial teams, powering the Atlas CMMS platform.",Supply Chain,supply-chain,Seed,Unknown,35.0,-49.0,11.0,0.0,0.0,Framework migration,41.4,Quiet,Absolute engineering velocity,Momentum cooling,https://github.com/Grashjs,https://atlas-cmms.com,https://signals.gitdealflow.com/startup/grashjs
2026-08-10,Q3 2026,2026-08-10T08:54:03.448000+00:00,HCW-home,Simple & Secure remote consultations,Healthcare,healthcare,Pre-seed,EU,4.0,-83.0,4.0,0.0,0.0,Framework migration,23.6,Quiet,Contributor growth,Momentum cooling,https://github.com/HCW-home,https://hcw-at-home.com,https://signals.gitdealflow.com/startup/hcw-home
2026-08-10,Q3 2026,2026-08-10T08:54:03.448000+00:00,HasteHealth,Digital health platform streamlining clinical documentation and patient engagement for healthcare providers.,Healthcare,healthcare,Pre-seed,Unknown,23.0,-60.0,6.0,0.0,0.0,Framework migration,35.4,Quiet,Absolute engineering velocity,Momentum cooling,https://github.com/HasteHealth,,https://signals.gitdealflow.com/startup/hastehealth
2026-08-10,Q3 2026,2026-08-10T08:54:03.448000+00:00,HeliosSoftware,Enterprise healthcare software providing practice management and electronic health record solutions.,Healthcare,healthcare,Seed,US,62.0,-40.0,14.0,0.0,0.0,Framework migration,46.2,Quiet,Absolute engineering velocity,Momentum cooling,https://github.com/HeliosSoftware,https://heliossoftware.com,https://signals.gitdealflow.com/startup/heliossoftware
2026-08-10,Q3 2026,2026-08-10T08:54:03.448000+00:00,HopHubProject,Social ride sharing for events,Social & Community,social-community,Pre-seed,Unknown,6.0,-40.0,5.0,0.0,0.0,Framework migration,35.2,Quiet,Commit acceleration,Momentum cooling,https://github.com/HopHubProject,https://hophub.xyz,https://signals.gitdealflow.com/startup/hophubproject
2026-08-10,Q3 2026,2026-08-10T08:54:03.448000+00:00,IEEE-VIT,The central code repository for Open Source projects done by the members of IEEE-VIT SB,Legal Tech,legal-tech,Pre-seed,Unknown,4.0,999.0,7.0,0.0,4.0,Infrastructure buildout,61.3,Watch,Commit acceleration,None,https://github.com/IEEE-VIT,https://ieeevit.org,https://signals.gitdealflow.com/startup/ieee-vit
2026-08-10,Q3 2026,2026-08-10T08:54:03.448000+00:00,IntersectMBO,Intersect is a member-based organization for the Cardano ecosystem — putting the community at the center of Cardano’s de,Web3,web3,Growth,US,52.0,-64.0,52.0,0.0,0.0,Framework migration,42.0,Quiet,Absolute engineering velocity,Momentum cooling,https://github.com/IntersectMBO,https://www.intersectmbo.org,https://signals.gitdealflow.com/startup/intersectmbo
2026-08-10,Q3 2026,2026-08-10T08:54:03.448000+00:00,KDE,Official read-only mirror of the KDE project. Please don't send pull requests; to contribute code see https://community.,EdTech,edtech,Growth,Unknown,5.0,400.0,100.0,0.0,0.0,Deploy frequency spike,56.5,Watch,Commit acceleration,None,https://github.com/KDE,https://kde.org,https://signals.gitdealflow.com/startup/kde
2026-08-10,Q3 2026,2026-08-10T08:54:03.448000+00:00,KyberNetwork,Kyber Network is a multi-chain crypto trading and liquidity hub that connects liquidity from different sources to enable,Web3,web3,Growth,APAC,23.0,-18.0,57.0,27.0,3.0,Infrastructure buildout,67.9,Strong,Contributor growth,None,https://github.com/KyberNetwork,http://kyber.network,https://signals.gitdealflow.com/startup/kybernetwork
2026-08-10,Q3 2026,2026-08-10T08:54:03.448000+00:00,KyrptonaughtMC,Inventory Sorter for Minecraft,Supply Chain,supply-chain,Series A/B,Unknown,2.0,-83.0,24.0,0.0,0.0,Framework migration,25.1,Quiet,Contributor growth,Momentum cooling,https://github.com/KyrptonaughtMC,,https://signals.gitdealflow.com/startup/kyrptonaughtmc
2026-08-10,Q3 2026,2026-08-10T08:54:03.448000+00:00,L5lua,Processing-like creative coding in Lua,EdTech,edtech,Pre-seed,Unknown,1.0,0.0,6.0,0.0,3.0,Infrastructure buildout,46.8,Quiet,Commit acceleration,None,https://github.com/L5lua,https://l5lua.org,https://signals.gitdealflow.com/startup/l5lua
2026-08-10,Q3 2026,2026-08-10T08:54:03.448000+00:00,LacledesLAN,A Saint Louis Charity LAN Party Group,Gaming,gaming,Pre-seed,Unknown,1.0,0.0,3.0,50.0,2.0,Engineering hiring burst,56.1,Watch,Commit acceleration,None,https://github.com/LacledesLAN,https://lacledeslan.com,https://signals.gitdealflow.com/startup/lacledeslan
2026-08-10,Q3 2026,2026-08-10T08:54:03.448000+00:00,Lifecycle-Innovations-Limited,Your Personal Health Coach for iOS,E-commerce Infrastructure,ecommerce-infrastructure,Seed,US,22.0,-21.0,12.0,0.0,0.0,Framework migration,44.8,Quiet,Commit acceleration,Momentum cooling,https://github.com/Lifecycle-Innovations-Limited,https://www.healify.ai,https://signals.gitdealflow.com/startup/lifecycle-innovations-limited
2026-08-10,Q3 2026,2026-08-10T08:54:03.448000+00:00,LiteFarmOrg,"Free and open-source farm management software helping farmers track crops, tasks, and certifications sustainably.",AgTech,agtech,Growth,Canada,186.0,49.0,65.0,0.0,0.0,Framework migration,60.7,Watch,Commit acceleration,None,https://github.com/LiteFarmOrg,,https://signals.gitdealflow.com/startup/litefarmorg
2026-08-10,Q3 2026,2026-08-10T08:54:03.448000+00:00,MOVACT,"Digital Agency based in Berlin, Germany",EdTech,edtech,Pre-seed,EU,1.0,0.0,4.0,0.0,0.0,Framework migration,35.3,Quiet,Commit acceleration,None,https://github.com/MOVACT,https://movact.de,https://signals.gitdealflow.com/startup/movact
2026-08-10,Q3 2026,2026-08-10T08:54:03.448000+00:00,MahoCommerce,"Maho Commerce is ae-commerce infrastructure seed startup, modernizing their technology stack for scale.",E-commerce Infrastructure,ecommerce-infrastructure,Seed,Unknown,14.0,-50.0,13.0,0.0,1.0,Framework migration,42.5,Quiet,Absolute engineering velocity,Momentum cooling,https://github.com/MahoCommerce,https://mahocommerce.com,https://signals.gitdealflow.com/startup/mahocommerce
2026-08-10,Q3 2026,2026-08-10T08:54:03.448000+00:00,Mininglamp-OSS,Open-source AI-native collaboration platform — where humans and AI Agents work as one team.,Social & Community,social-community,Seed,APAC,40.0,-27.0,17.0,0.0,7.0,Infrastructure buildout,59.0,Watch,Absolute engineering velocity,Momentum cooling,https://github.com/Mininglamp-OSS,https://github.com/Mininglamp-OSS,https://signals.gitdealflow.com/startup/mininglamp-oss
2026-08-10,Q3 2026,2026-08-10T08:54:03.448000+00:00,MothCocoon,Collection of open-source projects.,Gaming,gaming,Pre-seed,Unknown,8.0,999.0,3.0,33.0,0.0,Deploy frequency spike,63.5,Watch,Commit acceleration,None,https://github.com/MothCocoon,,https://signals.gitdealflow.com/startup/mothcocoon
2026-08-10,Q3 2026,2026-08-10T08:54:03.448000+00:00,Mountea-Framework,Mountea Framework is a list of tools for Unreal Engine developers. Free to use and ever-growing library. We aim to becom,Gaming,gaming,Pre-seed,Unknown,18.0,-47.0,4.0,43.0,0.0,Framework migration,46.6,Quiet,Contributor growth,None,https://github.com/Mountea-Framework,https://mountea.tools,https://signals.gitdealflow.com/startup/mountea-framework
2026-08-10,Q3 2026,2026-08-10T08:54:03.448000+00:00,MystenLabs,We create foundational infrastructure to accelerate web3 adoption,Web3,web3,Pre-seed,Unknown,172.0,-19.0,4.0,0.0,1.0,Framework migration,54.0,Watch,Absolute engineering velocity,Momentum cooling,https://github.com/MystenLabs,https://mystenlabs.com,https://signals.gitdealflow.com/startup/mystenlabs
2026-08-10,Q3 2026,2026-08-10T08:54:03.448000+00:00,NASA-AMMOS,Administrator contacts:  Aniwat.Nik.Sheurpukdi@jpl.nasa.gov and shawn.n.nguyen@jpl.nasa.gov.  For AMMOS software tech su,Space Tech,space-tech,Growth,Unknown,19.0,27.0,76.0,0.0,0.0,Framework migration,53.4,Watch,Commit acceleration,None,https://github.com/NASA-AMMOS,https://ammos.nasa.gov,https://signals.gitdealflow.com/startup/nasa-ammos
2026-08-10,Q3 2026,2026-08-10T08:54:03.448000+00:00,NethermindEth,"Ethereum and Starknet researchers and builders developing the Nethermind Ethereum client, Juno, Voyager, and Sedge.",Web3,web3,Pre-seed,Unknown,2.0,-88.0,5.0,0.0,0.0,Framework migration,21.2,Quiet,Contributor growth,Momentum cooling,https://github.com/NethermindEth,https://nethermind.io,https://signals.gitdealflow.com/startup/nethermindeth
2026-08-10,Q3 2026,2026-08-10T08:54:03.448000+00:00,OCSInventory-NG,Open Computers and Software Inventory Next Generation is an assets management and deployment solution.,Supply Chain,supply-chain,Growth,EU,1.0,999.0,71.0,0.0,0.0,Deploy frequency spike,53.4,Watch,Commit acceleration,None,https://github.com/OCSInventory-NG,http://www.ocsinventory-ng.org,https://signals.gitdealflow.com/startup/ocsinventory-ng
2026-08-10,Q3 2026,2026-08-10T08:54:03.448000+00:00,Official-MoonDao,"MoonDAO is accelerating our multiplanetary future with an open platform to fund, collaborate, and compete on challenges",Space Tech,space-tech,Series A/B,Unknown,104.0,96.0,30.0,0.0,0.0,Framework migration,60.2,Watch,Commit acceleration,None,https://github.com/Official-MoonDao,https://moondao.com,https://signals.gitdealflow.com/startup/official-moondao
2026-08-10,Q3 2026,2026-08-10T08:54:03.448000+00:00,Open-Cap-Stack,Headless Fund Management & Predictive Analytics,Enterprise SaaS,enterprise-saas,Seed,US,4.0,999.0,10.0,0.0,0.0,Deploy frequency spike,53.7,Watch,Commit acceleration,None,https://github.com/Open-Cap-Stack,https://opencapstack.com,https://signals.gitdealflow.com/startup/open-cap-stack
2026-08-10,Q3 2026,2026-08-10T08:54:03.448000+00:00,Open-Cap-Table-Coalition,"Open Cap Table Coalition is alegal tech series a/b startup, rapidly expanding their engineering team.",Legal Tech,legal-tech,Series A/B,Unknown,1.0,-92.0,20.0,300.0,0.0,Engineering hiring burst,40.1,Quiet,Contributor growth,None,https://github.com/Open-Cap-Table-Coalition,,https://signals.gitdealflow.com/startup/open-cap-table-coalition
2026-08-10,Q3 2026,2026-08-10T08:54:03.448000+00:00,OpenByteInc,Empowering everyone to understand and shape the financial future.,Enterprise SaaS,enterprise-saas,Seed,US,26.0,13.0,18.0,0.0,1.0,Framework migration,56.0,Watch,Commit acceleration,None,https://github.com/OpenByteInc,https://www.quantdinger.com,https://signals.gitdealflow.com/startup/openbyteinc
2026-08-10,Q3 2026,2026-08-10T08:54:03.448000+00:00,OpenC3,"Open Source. Open Architecture. Command, Control and Communication",Space Tech,space-tech,Series A/B,US,110.0,-14.0,49.0,0.0,0.0,Framework migration,54.9,Watch,Absolute engineering velocity,Momentum cooling,https://github.com/OpenC3,,https://signals.gitdealflow.com/startup/openc3
2026-08-10,Q3 2026,2026-08-10T08:54:03.448000+00:00,OpenCircuits,"Online, free circuit designer",EdTech,edtech,Growth,US,34.0,386.0,71.0,400.0,0.0,Engineering hiring burst,79.6,Strong,Commit acceleration,None,https://github.com/OpenCircuits,https://opencircuits.io,https://signals.gitdealflow.com/startup/opencircuits
2026-08-10,Q3 2026,2026-08-10T08:54:03.448000+00:00,OpenCyphal,Open technology for real-time intravehicular distributed computing and communication based on modern networking standard,Space Tech,space-tech,Series A/B,Unknown,3.0,50.0,24.0,400.0,0.0,Engineering hiring burst,64.9,Watch,Contributor growth,None,https://github.com/OpenCyphal,http://opencyphal.org,https://signals.gitdealflow.com/startup/opencyphal
2026-08-10,Q3 2026,2026-08-10T08:54:03.448000+00:00,OpenOLAT,Open Source Learning Management System written in Java,EdTech,edtech,Seed,EU,121.0,-17.0,16.0,0.0,0.0,Framework migration,52.4,Watch,Absolute engineering velocity,Momentum cooling,https://github.com/OpenOLAT,https://www.openolat.org,https://signals.gitdealflow.com/startup/openolat
2026-08-10,Q3 2026,2026-08-10T08:54:03.448000+00:00,OpenSCvx,"Open SCvx is arobotics pre-seed startup based in US, modernizing their technology stack for scale.",Robotics,robotics,Pre-seed,US,7.0,17.0,6.0,0.0,0.0,Framework migration,44.4,Quiet,Commit acceleration,None,https://github.com/OpenSCvx,,https://signals.gitdealflow.com/startup/openscvx
2026-08-10,Q3 2026,2026-08-10T08:54:03.448000+00:00,OpenZeppelin,The standard for secure blockchain applications,Web3,web3,Seed,Unknown,19.0,12.0,8.0,200.0,1.0,Engineering hiring burst,71.0,Strong,Contributor growth,None,https://github.com/OpenZeppelin,https://openzeppelin.com,https://signals.gitdealflow.com/startup/openzeppelin
2026-08-10,Q3 2026,2026-08-10T08:54:03.448000+00:00,OpnForm,A modern open-source form builder,Enterprise SaaS,enterprise-saas,Series A/B,EU,18.0,157.0,32.0,6.0,1.0,Deploy frequency spike,69.5,Strong,Commit acceleration,None,https://github.com/OpnForm,https://opnform.com,https://signals.gitdealflow.com/startup/opnform
2026-08-10,Q3 2026,2026-08-10T08:54:03.448000+00:00,PCGEx,PCGEx Ecosystem,Gaming,gaming,Seed,Canada,70.0,6.0,12.0,29.0,0.0,Framework migration,62.1,Watch,Commit acceleration,None,https://github.com/PCGEx,https://pcgex.gitbook.io/pcgex/,https://signals.gitdealflow.com/startup/pcgex
2026-08-10,Q3 2026,2026-08-10T08:54:03.448000+00:00,ParabolInc,Tools for building better teams,Enterprise SaaS,enterprise-saas,Growth,US,5.0,-71.0,78.0,0.0,0.0,Framework migration,32.5,Quiet,Contributor growth,Momentum cooling,https://github.com/ParabolInc,https://www.parabol.co,https://signals.gitdealflow.com/startup/parabolinc
2026-08-10,Q3 2026,2026-08-10T08:54:03.448000+00:00,Part-DB,Open Source Electronic Parts Database using PHP and MySQL,Supply Chain,supply-chain,Growth,EU,27.0,145.0,53.0,14.0,0.0,Framework migration,64.6,Watch,Commit acceleration,None,https://github.com/Part-DB,,https://signals.gitdealflow.com/startup/part-db
2026-08-10,Q3 2026,2026-08-10T08:54:03.448000+00:00,PastVu,"Past Vu is asocial & community seed startup, rapidly expanding their engineering team.",Social & Community,social-community,Seed,Unknown,6.0,-82.0,12.0,400.0,0.0,Engineering hiring burst,47.6,Quiet,Contributor growth,None,https://github.com/PastVu,https://pastvu.com,https://signals.gitdealflow.com/startup/pastvu
2026-08-10,Q3 2026,2026-08-10T08:54:03.448000+00:00,Paymenter,Open source gateway for hosting companies.,E-commerce Infrastructure,ecommerce-infrastructure,Growth,Unknown,3.0,-62.0,52.0,0.0,0.0,Framework migration,31.2,Quiet,Contributor growth,Momentum cooling,https://github.com/Paymenter,https://paymenter.org,https://signals.gitdealflow.com/startup/paymenter
2026-08-10,Q3 2026,2026-08-10T08:54:03.448000+00:00,Payroll-Engine,Open Source Payroll Engine,HR Tech,hr-tech,Pre-seed,EU,1.0,999.0,4.0,0.0,0.0,Deploy frequency spike,47.8,Quiet,Commit acceleration,None,https://github.com/Payroll-Engine,https://payrollengine.org,https://signals.gitdealflow.com/startup/payroll-engine
2026-08-10,Q3 2026,2026-08-10T08:54:03.448000+00:00,PhotoFlare,Open-source image editor providing layer-based photo editing and manipulation tools for creative professionals.,AgTech,agtech,Series A/B,Unknown,17.0,1600.0,21.0,0.0,0.0,Deploy frequency spike,60.6,Watch,Commit acceleration,None,https://github.com/PhotoFlare,http://www.photoflare.io,https://signals.gitdealflow.com/startup/photoflare
2026-08-10,Q3 2026,2026-08-10T08:54:03.448000+00:00,Point72,"Point72 is adata infrastructure series a/b startup based in US, rapidly expanding their engineering team.",Data Infrastructure,data-infrastructure,Series A/B,US,3.0,-40.0,22.0,200.0,0.0,Engineering hiring burst,53.0,Watch,Contributor growth,None,https://github.com/Point72,https://point72.com,https://signals.gitdealflow.com/startup/point72
2026-08-10,Q3 2026,2026-08-10T08:54:03.448000+00:00,PostHog,"The single platform to analyze, test, observe, and deploy new features",Data Infrastructure,data-infrastructure,Growth,US,1621.0,-45.0,100.0,60.0,6.0,Engineering hiring burst,74.4,Strong,Absolute engineering velocity,None,https://github.com/PostHog,https://posthog.com,https://signals.gitdealflow.com/startup/posthog
2026-08-10,Q3 2026,2026-08-10T08:54:03.448000+00:00,PyVRP,The PyVRP project develops open-source tools to efficiently solve vehicle routing problems.,Supply Chain,supply-chain,Seed,EU,3.0,200.0,9.0,33.0,0.0,Deploy frequency spike,57.7,Watch,Commit acceleration,None,https://github.com/PyVRP,https://pyvrp.org,https://signals.gitdealflow.com/startup/pyvrp
2026-08-10,Q3 2026,2026-08-10T08:54:03.448000+00:00,Qloapps,"QloApps is an open source, free and customizable online reservation system. You can launch a user friendly site with off",PropTech,proptech,Seed,APAC,4.0,33.0,17.0,0.0,0.0,Framework migration,45.0,Quiet,Commit acceleration,None,https://github.com/Qloapps,https://qloapps.com,https://signals.gitdealflow.com/startup/qloapps
2026-08-10,Q3 2026,2026-08-10T08:54:03.448000+00:00,QuartermindGames,Slamming on our keyboards since 2008.,Gaming,gaming,Pre-seed,UK,2.0,100.0,4.0,0.0,0.0,Framework migration,41.8,Quiet,Commit acceleration,None,https://github.com/QuartermindGames,https://quartermind.com,https://signals.gitdealflow.com/startup/quartermindgames
2026-08-10,Q3 2026,2026-08-10T08:54:03.448000+00:00,RBND-studio,"Building tools for product people, such as Flows, Atmos, and more.",Enterprise SaaS,enterprise-saas,Pre-seed,Unknown,7.0,-61.0,4.0,0.0,0.0,Framework migration,30.1,Quiet,Absolute engineering velocity,Momentum cooling,https://github.com/RBND-studio,https://rbnd.studio,https://signals.gitdealflow.com/startup/rbnd-studio
2026-08-10,Q3 2026,2026-08-10T08:54:03.448000+00:00,RoboDojo-Benchmark,"Robo Dojo Benchmark is arobotics pre-seed startup, modernizing their technology stack for scale.",Robotics,robotics,Pre-seed,Unknown,5.0,-62.0,4.0,0.0,1.0,Framework migration,33.4,Quiet,Repository expansion,Momentum cooling,https://github.com/RoboDojo-Benchmark,https://robodojo-benchmark.com,https://signals.gitdealflow.com/startup/robodojo-benchmark
2026-08-10,Q3 2026,2026-08-10T08:54:03.448000+00:00,RocketPy-Team,"We're focused on RocketPy's development, seeking for a revolution on the way we see rocket trajectory nowadays",Space Tech,space-tech,Growth,Unknown,24.0,-54.0,72.0,400.0,0.0,Engineering hiring burst,61.7,Watch,Contributor growth,None,https://github.com/RocketPy-Team,https://rocketpy.org,https://signals.gitdealflow.com/startup/rocketpy-team
2026-08-10,Q3 2026,2026-08-10T08:54:03.448000+00:00,RouteVN,RouteVN Creator is a Visual Novel engine that enables anyone to create Visual Novels without coding.,Gaming,gaming,Pre-seed,Unknown,64.0,42.0,7.0,54.0,0.0,Engineering hiring burst,70.1,Strong,Commit acceleration,None,https://github.com/RouteVN,https://routevn.com,https://signals.gitdealflow.com/startup/routevn
2026-08-10,Q3 2026,2026-08-10T08:54:03.448000+00:00,SFDigitalServices,San Francisco’s Digital Services Team is committed to transforming the public experience of City services.,PropTech,proptech,Series A/B,US,12.0,0.0,35.0,0.0,0.0,Framework migration,48.0,Quiet,Commit acceleration,None,https://github.com/SFDigitalServices,https://sf.gov/departments/city-administrator/digital-services,https://signals.gitdealflow.com/startup/sfdigitalservices
2026-08-10,Q3 2026,2026-08-10T08:54:03.448000+00:00,SatDump,"Sat Dump is aspace tech growth startup, shipping product updates at an accelerated pace.",Space Tech,space-tech,Growth,Unknown,7.0,250.0,58.0,0.0,0.0,Deploy frequency spike,56.1,Watch,Commit acceleration,None,https://github.com/SatDump,https://satdump.org,https://signals.gitdealflow.com/startup/satdump
2026-08-10,Q3 2026,2026-08-10T08:54:03.448000+00:00,SeismicSystems,A privacy enabled blockchain for fintechs.,Web3,web3,Growth,US,4.0,-56.0,100.0,114.0,1.0,Engineering hiring burst,57.6,Watch,Contributor growth,None,https://github.com/SeismicSystems,https://seismic.systems,https://signals.gitdealflow.com/startup/seismicsystems
2026-08-10,Q3 2026,2026-08-10T08:54:03.448000+00:00,SigNoz,Open source Observability Platform,Data Infrastructure,data-infrastructure,Growth,Unknown,33.0,-45.0,100.0,0.0,1.0,Framework migration,51.5,Watch,Absolute engineering velocity,Momentum cooling,https://github.com/SigNoz,https://signoz.io,https://signals.gitdealflow.com/startup/signoz
2026-08-10,Q3 2026,2026-08-10T08:54:03.448000+00:00,StanfordSpezi,Free and open-source ecosystem of modules enabling digital health systems,Healthcare,healthcare,Pre-seed,US,5.0,999.0,5.0,0.0,0.0,Deploy frequency spike,53.4,Watch,Commit acceleration,None,https://github.com/StanfordSpezi,https://spezi.stanford.edu,https://signals.gitdealflow.com/startup/stanfordspezi
2026-08-10,Q3 2026,2026-08-10T08:54:03.448000+00:00,StudyDrift,"Study Drift is aedtech pre-seed startup, modernizing their technology stack for scale.",EdTech,edtech,Pre-seed,Unknown,74.0,-27.0,3.0,14.0,0.0,Framework migration,53.5,Watch,Absolute engineering velocity,None,https://github.com/StudyDrift,,https://signals.gitdealflow.com/startup/studydrift
2026-08-10,Q3 2026,2026-08-10T08:54:03.448000+00:00,Submitty,Submitty Homework Submission Server,EdTech,edtech,Growth,US,23.0,-48.0,100.0,214.0,1.0,Engineering hiring burst,67.1,Strong,Contributor growth,None,https://github.com/Submitty,http://submitty.org,https://signals.gitdealflow.com/startup/submitty
2026-08-10,Q3 2026,2026-08-10T08:54:03.448000+00:00,Synapsr,"Synapsr is aenterprise saas pre-seed startup based in EU, modernizing their technology stack for scale.",PropTech,proptech,Pre-seed,EU,49.0,63.0,4.0,25.0,0.0,Framework migration,61.4,Watch,Commit acceleration,None,https://github.com/Synapsr,https://synapsr.io,https://signals.gitdealflow.com/startup/synapsr
2026-08-10,Q3 2026,2026-08-10T08:54:03.448000+00:00,The-Mu-Foundation,"Non-profit, startup, free, adaptive, science-based trainer",EdTech,edtech,Series A/B,Unknown,2.0,999.0,22.0,0.0,0.0,Deploy frequency spike,52.9,Watch,Commit acceleration,None,https://github.com/The-Mu-Foundation,https://www.mutorials.org,https://signals.gitdealflow.com/startup/the-mu-foundation
2026-08-10,Q3 2026,2026-08-10T08:54:03.448000+00:00,TheVessels,"Yeah, so, basically, we do the things",Gaming,gaming,Pre-seed,Unknown,55.0,358.0,5.0,37.0,0.0,Deploy frequency spike,69.2,Strong,Commit acceleration,None,https://github.com/TheVessels,,https://signals.gitdealflow.com/startup/thevessels
2026-08-10,Q3 2026,2026-08-10T08:54:03.448000+00:00,TheXTech,"International community of TheXTech project developers, part of WohlSoft Team",Gaming,gaming,Series A/B,Unknown,34.0,-21.0,33.0,368.0,0.0,Engineering hiring burst,67.8,Strong,Contributor growth,None,https://github.com/TheXTech,https://wohlsoft.ru/projects/TheXTech/,https://signals.gitdealflow.com/startup/thextech
2026-08-10,Q3 2026,2026-08-10T08:54:03.448000+00:00,TrianaLab,"Triana Lab is alegal tech pre-seed startup, rapidly expanding their engineering team.",Legal Tech,legal-tech,Pre-seed,Unknown,15.0,7.0,3.0,143.0,0.0,Engineering hiring burst,61.9,Watch,Contributor growth,None,https://github.com/TrianaLab,,https://signals.gitdealflow.com/startup/trianalab
2026-08-10,Q3 2026,2026-08-10T08:54:03.448000+00:00,Vacademy-io,"Vacademy io is aedtech series a/b startup based in APAC, modernizing their technology stack for scale.",EdTech,edtech,Series A/B,APAC,425.0,29.0,23.0,0.0,0.0,Framework migration,58.2,Watch,Commit acceleration,None,https://github.com/Vacademy-io,,https://signals.gitdealflow.com/startup/vacademy-io
2026-08-10,Q3 2026,2026-08-10T08:54:03.448000+00:00,Velocidex,Velocidex is the company behind Velociraptor - Dig Deeper!,Supply Chain,supply-chain,Growth,APAC,7.0,999.0,100.0,0.0,0.0,Deploy frequency spike,60.9,Watch,Commit acceleration,None,https://github.com/Velocidex,https://www.velocidex.com,https://signals.gitdealflow.com/startup/velocidex
2026-08-10,Q3 2026,2026-08-10T08:54:03.448000+00:00,VismaLietuva,"Visma Lietuva is asocial & community series a/b startup, shipping product updates at an accelerated pace.",Social & Community,social-community,Series A/B,Unknown,8.0,999.0,31.0,0.0,0.0,Deploy frequency spike,59.1,Watch,Commit acceleration,None,https://github.com/VismaLietuva,,https://signals.gitdealflow.com/startup/vismalietuva
2026-08-10,Q3 2026,2026-08-10T08:54:03.448000+00:00,WebODM,The free and open source drone mapping software 🚀,Robotics,robotics,Pre-seed,Unknown,5.0,-17.0,5.0,0.0,0.0,Framework migration,38.7,Quiet,Commit acceleration,Momentum cooling,https://github.com/WebODM,https://webodm.org,https://signals.gitdealflow.com/startup/webodm
2026-08-10,Q3 2026,2026-08-10T08:54:03.448000+00:00,WillowInc,Operational AI for the real world,PropTech,proptech,Seed,APAC,7.0,-63.0,14.0,100.0,0.0,Engineering hiring burst,48.6,Quiet,Contributor growth,None,https://github.com/WillowInc,https://willowinc.com,https://signals.gitdealflow.com/startup/willowinc
2026-08-10,Q3 2026,2026-08-10T08:54:03.448000+00:00,XCO-Agency,XCO Agency,Enterprise SaaS,enterprise-saas,Pre-seed,US,30.0,200.0,6.0,0.0,0.0,Deploy frequency spike,56.8,Watch,Commit acceleration,None,https://github.com/XCO-Agency,https://xco.agency,https://signals.gitdealflow.com/startup/xco-agency
2026-08-10,Q3 2026,2026-08-10T08:54:03.448000+00:00,XMUDeepLIT,Homepage - https://xmudeeplit.github.io/,Legal Tech,legal-tech,Seed,Unknown,2.0,999.0,12.0,33.0,2.0,Deploy frequency spike,67.2,Strong,Commit acceleration,None,https://github.com/XMUDeepLIT,,https://signals.gitdealflow.com/startup/xmudeeplit
2026-08-10,Q3 2026,2026-08-10T08:54:03.448000+00:00,Yellow-Dog-Man,"Yellow Dog Man is asocial & community growth startup, shipping product updates at an accelerated pace.",Social & Community,social-community,Growth,Unknown,4.0,999.0,55.0,20.0,1.0,Deploy frequency spike,70.1,Strong,Commit acceleration,None,https://github.com/Yellow-Dog-Man,https://yellowdogman.com,https://signals.gitdealflow.com/startup/yellow-dog-man
2026-08-10,Q3 2026,2026-08-10T08:54:03.448000+00:00,ZemerTeam,"Zemer Team is adata infrastructure pre-seed startup based in US, rapidly expanding their engineering team.",Data Infrastructure,data-infrastructure,Pre-seed,US,37.0,-58.0,6.0,132.0,2.0,Engineering hiring burst,61.9,Watch,Contributor growth,None,https://github.com/ZemerTeam,https://zemer.io,https://signals.gitdealflow.com/startup/zemerteam
2026-08-10,Q3 2026,2026-08-10T08:54:03.448000+00:00,Zipstack,"Zipstack is adata infrastructure series a/b startup, modernizing their technology stack for scale.",Data Infrastructure,data-infrastructure,Series A/B,Unknown,13.0,-7.0,30.0,0.0,0.0,Framework migration,46.9,Quiet,Commit acceleration,Momentum cooling,https://github.com/Zipstack,,https://signals.gitdealflow.com/startup/zipstack
2026-08-10,Q3 2026,2026-08-10T08:54:03.448000+00:00,accordproject,The Open Source Stack for Smart Legal Contracts. A Linux Foundation Project (https://lfprojects.org).,Legal Tech,legal-tech,Pre-seed,Unknown,3.0,-25.0,5.0,0.0,0.0,Framework migration,34.9,Quiet,Commit acceleration,Momentum cooling,https://github.com/accordproject,https://www.accordproject.org,https://signals.gitdealflow.com/startup/accordproject
2026-08-10,Q3 2026,2026-08-10T08:54:03.448000+00:00,activist-org,"Open-source, nonprofit activism platform",Social & Community,social-community,Growth,EU,5.0,-72.0,100.0,0.0,0.0,Framework migration,33.2,Quiet,Team depth,Momentum cooling,https://github.com/activist-org,https://activist.org,https://signals.gitdealflow.com/startup/activist-org
2026-08-10,Q3 2026,2026-08-10T08:54:03.448000+00:00,aelassas,Rental Property Management Platform with Mobile App,PropTech,proptech,Pre-seed,Unknown,1.0,999.0,6.0,0.0,0.0,Deploy frequency spike,48.8,Quiet,Commit acceleration,None,https://github.com/aelassas,,https://signals.gitdealflow.com/startup/aelassas
2026-08-10,Q3 2026,2026-08-10T08:54:03.448000+00:00,ahacker-1,"The first comprehensive open-source AI-native framework for CRE acquisitions, turning diligence, underwriting, financing, legal, and closing into executable agent workflows.",PropTech,proptech,Pre-seed,Unknown,1.0,-99.0,3.0,0.0,0.0,Framework migration,17.7,Quiet,Contributor growth,Momentum cooling,https://github.com/ahacker-1,,https://signals.gitdealflow.com/startup/ahacker-1
2026-08-10,Q3 2026,2026-08-10T08:54:03.448000+00:00,ai-shifu,"ai shifu is aedtech series a/b startup based in APAC, modernizing their technology stack for scale.",EdTech,edtech,Series A/B,APAC,33.0,-74.0,21.0,11.0,0.0,Framework migration,44.0,Quiet,Contributor growth,None,https://github.com/ai-shifu,https://ai-shifu.com,https://signals.gitdealflow.com/startup/ai-shifu
2026-08-10,Q3 2026,2026-08-10T08:54:03.448000+00:00,airbytehq,Open source data replication platform and context layer for AI agents.,Data Infrastructure,data-infrastructure,Growth,US,1031.0,9.0,100.0,66.0,0.0,Engineering hiring burst,75.6,Strong,Commit acceleration,None,https://github.com/airbytehq,https://airbyte.io,https://signals.gitdealflow.com/startup/airbytehq
2026-08-10,Q3 2026,2026-08-10T08:54:03.448000+00:00,akaunting,Online accounting software. Manage your money. Get invoices paid. Track expenses.,HR Tech,hr-tech,Growth,Unknown,36.0,16.0,100.0,262.0,0.0,Engineering hiring burst,74.9,Strong,Contributor growth,None,https://github.com/akaunting,https://akaunting.com,https://signals.gitdealflow.com/startup/akaunting
2026-08-10,Q3 2026,2026-08-10T08:54:03.448000+00:00,alloy-rs,"Alloy implements high-performance, well-tested & documented libraries for interacting with Ethereum and other EVM-based",Web3,web3,Series A/B,Unknown,3.0,-62.0,32.0,83.0,0.0,Engineering hiring burst,46.6,Quiet,Contributor growth,None,https://github.com/alloy-rs,https://www.paradigm.xyz/oss/alloy,https://signals.gitdealflow.com/startup/alloy-rs
2026-08-10,Q3 2026,2026-08-10T08:54:03.448000+00:00,aphp,"aphp is ahealthcare pre-seed startup based in EU, investing in platform infrastructure and new product lines.",Healthcare,healthcare,Pre-seed,EU,1.0,999.0,3.0,0.0,3.0,Infrastructure buildout,55.3,Watch,Commit acceleration,None,https://github.com/aphp,https://www.aphp.fr,https://signals.gitdealflow.com/startup/aphp
2026-08-10,Q3 2026,2026-08-10T08:54:03.448000+00:00,aptos-labs,"Layer-1 blockchain platform built with the Move programming language, focused on safety and scalability for DeFi applications.",Web3,web3,Series A/B,Unknown,7.0,75.0,46.0,0.0,0.0,Framework migration,50.9,Watch,Commit acceleration,None,https://github.com/aptos-labs,https://aptoslabs.com,https://signals.gitdealflow.com/startup/aptos-labs
2026-08-10,Q3 2026,2026-08-10T08:54:03.448000+00:00,ar-io,"All source code for ar.io; the global network, protocol, and currency that enables the permaweb.",Web3,web3,Series A/B,Unknown,12.0,-83.0,25.0,0.0,4.0,Infrastructure buildout,42.7,Quiet,Repository expansion,Momentum cooling,https://github.com/ar-io,https://ar.io,https://signals.gitdealflow.com/startup/ar-io
2026-08-10,Q3 2026,2026-08-10T08:54:03.448000+00:00,archtechx,Meticulously architected web applications.,Enterprise SaaS,enterprise-saas,Growth,Unknown,2.0,-67.0,71.0,13.0,0.0,Framework migration,36.7,Quiet,Contributor growth,None,https://github.com/archtechx,https://archte.ch,https://signals.gitdealflow.com/startup/archtechx
2026-08-10,Q3 2026,2026-08-10T08:54:03.448000+00:00,argotorg,Building the critical infrastructure for Ethereum applications.,Web3,web3,Growth,Unknown,32.0,10.0,100.0,0.0,0.0,Framework migration,55.0,Watch,Commit acceleration,None,https://github.com/argotorg,https://argot.org,https://signals.gitdealflow.com/startup/argotorg
2026-08-10,Q3 2026,2026-08-10T08:54:03.448000+00:00,atrocore,"We develop, implement and supports solutions based AtroCore and AtroPIM.",Enterprise SaaS,enterprise-saas,Seed,EU,33.0,10.0,18.0,0.0,10.0,Infrastructure buildout,63.1,Watch,Commit acceleration,None,https://github.com/atrocore,https://www.atrocore.com,https://signals.gitdealflow.com/startup/atrocore
2026-08-10,Q3 2026,2026-08-10T08:54:03.448000+00:00,aureuserp,The powerful Open Source ERP platform built on Laravel to optimize and streamline your business operations.,Supply Chain,supply-chain,Series A/B,Unknown,44.0,-23.0,20.0,0.0,0.0,Framework migration,48.5,Quiet,Absolute engineering velocity,Momentum cooling,https://github.com/aureuserp,https://aureuserp.com,https://signals.gitdealflow.com/startup/aureuserp
2026-08-10,Q3 2026,2026-08-10T08:54:03.448000+00:00,autowarefoundation,Open-source software for self-driving vehicles,Robotics,robotics,Growth,Unknown,63.0,-48.0,100.0,15.0,1.0,Framework migration,60.9,Watch,Absolute engineering velocity,None,https://github.com/autowarefoundation,https://www.autoware.org,https://signals.gitdealflow.com/startup/autowarefoundation
2026-08-10,Q3 2026,2026-08-10T08:54:03.448000+00:00,aws-samples,"aws samples is asupply chain pre-seed startup, investing in platform infrastructure and new product lines.",Supply Chain,supply-chain,Pre-seed,Unknown,6.0,0.0,4.0,27.0,6.0,Infrastructure buildout,60.9,Watch,Commit acceleration,None,https://github.com/aws-samples,https://amazon.com/aws,https://signals.gitdealflow.com/startup/aws-samples
2026-08-10,Q3 2026,2026-08-10T08:54:03.448000+00:00,axone-protocol,"A protocol for governing acts across humans, agents, and resources",Web3,web3,Seed,EU,45.0,80.0,16.0,400.0,1.0,Engineering hiring burst,80.8,Breakout,Commit acceleration,None,https://github.com/axone-protocol,https://axone.xyz,https://signals.gitdealflow.com/startup/axone-protocol
2026-08-10,Q3 2026,2026-08-10T08:54:03.448000+00:00,bagisto,A Free and Opensource laravel eCommerce framework built for all to build and scale your business.,E-commerce Infrastructure,ecommerce-infrastructure,Pre-seed,APAC,6.0,-77.0,4.0,0.0,2.0,Framework migration,32.9,Quiet,Repository expansion,Momentum cooling,https://github.com/bagisto,https://bagisto.com,https://signals.gitdealflow.com/startup/bagisto
2026-08-10,Q3 2026,2026-08-10T08:54:03.448000+00:00,baizhiheizi,"baizhiheizi is aweb3 seed startup, rapidly expanding their engineering team.",Web3,web3,Seed,Unknown,91.0,-16.0,8.0,400.0,0.0,Engineering hiring burst,70.3,Strong,Contributor growth,None,https://github.com/baizhiheizi,https://baizhiheizi.com,https://signals.gitdealflow.com/startup/baizhiheizi
2026-08-10,Q3 2026,2026-08-10T08:54:03.448000+00:00,bakaphp,Baka: packages that look to make development simpler for everyone.,Social & Community,social-community,Seed,LATAM,395.0,-6.0,15.0,0.0,0.0,Framework migration,53.9,Watch,Absolute engineering velocity,Momentum cooling,https://github.com/bakaphp,https://kanvas.dev,https://signals.gitdealflow.com/startup/bakaphp
2026-08-10,Q3 2026,2026-08-10T08:54:03.448000+00:00,beikeshop,BeikeShop is a free and open-source e-commerce system,E-commerce Infrastructure,ecommerce-infrastructure,Series A/B,APAC,3.0,200.0,21.0,133.0,0.0,Engineering hiring burst,64.8,Watch,Commit acceleration,None,https://github.com/beikeshop,https://www.beikeshop.com,https://signals.gitdealflow.com/startup/beikeshop
2026-08-10,Q3 2026,2026-08-10T08:54:03.448000+00:00,besu-eth,"Besu, an LF Decentralized Trust project.",Web3,web3,Growth,Unknown,24.0,-41.0,100.0,0.0,0.0,Framework migration,46.1,Quiet,Absolute engineering velocity,Momentum cooling,https://github.com/besu-eth,,https://signals.gitdealflow.com/startup/besu-eth
2026-08-10,Q3 2026,2026-08-10T08:54:03.448000+00:00,bevyengine,"A modular game engine built in Rust, with a focus on developer productivity and performance",Gaming,gaming,Growth,US,147.0,167.0,100.0,0.0,0.0,Deploy frequency spike,66.8,Strong,Commit acceleration,None,https://github.com/bevyengine,https://bevy.org,https://signals.gitdealflow.com/startup/bevyengine
2026-08-10,Q3 2026,2026-08-10T08:54:03.448000+00:00,biblys,Le logiciel libre pour créer des boutiques de livres en ligne,E-commerce Infrastructure,ecommerce-infrastructure,Pre-seed,EU,37.0,-31.0,5.0,329.0,0.0,Engineering hiring burst,63.0,Watch,Contributor growth,None,https://github.com/biblys,http://biblys.fr,https://signals.gitdealflow.com/startup/biblys
2026-08-10,Q3 2026,2026-08-10T08:54:03.448000+00:00,bic-org,"The BIC Provide technical details via API for shipping containers, global container facility codes and container prefix",E-commerce Infrastructure,ecommerce-infrastructure,Pre-seed,EU,3.0,999.0,3.0,300.0,0.0,Engineering hiring burst,66.0,Strong,Commit acceleration,None,https://github.com/bic-org,https://www.bic-code.org,https://signals.gitdealflow.com/startup/bic-org
2026-08-10,Q3 2026,2026-08-10T08:54:03.448000+00:00,bigprof-software,Simple data tools for start-ups and small businesses,PropTech,proptech,Pre-seed,Unknown,1.0,999.0,3.0,0.0,0.0,Deploy frequency spike,47.3,Quiet,Commit acceleration,None,https://github.com/bigprof-software,https://bigprof.com,https://signals.gitdealflow.com/startup/bigprof-software
2026-08-10,Q3 2026,2026-08-10T08:54:03.448000+00:00,bitcoin-dev-project,100% free and open-source resources for bitcoin devs. bitcoin + FOSS = ₿OSS,EdTech,edtech,Series A/B,Unknown,7.0,-42.0,26.0,0.0,0.0,Framework migration,38.5,Quiet,Commit acceleration,Momentum cooling,https://github.com/bitcoin-dev-project,https://bitcoindevs.xyz,https://signals.gitdealflow.com/startup/bitcoin-dev-project
2026-08-10,Q3 2026,2026-08-10T08:54:03.448000+00:00,bloom-housing,A framework for modern software to power affordable housing.,PropTech,proptech,Series A/B,Unknown,19.0,58.0,40.0,51.0,0.0,Engineering hiring burst,68.7,Strong,Commit acceleration,None,https://github.com/bloom-housing,,https://signals.gitdealflow.com/startup/bloom-housing
2026-08-10,Q3 2026,2026-08-10T08:54:03.448000+00:00,blumilksoftware,We are not producing any blue milk.,HR Tech,hr-tech,Pre-seed,Unknown,5.0,-77.0,7.0,0.0,0.0,Framework migration,26.9,Quiet,Contributor growth,Momentum cooling,https://github.com/blumilksoftware,http://blumilk.pl,https://signals.gitdealflow.com/startup/blumilksoftware
2026-08-10,Q3 2026,2026-08-10T08:54:03.448000+00:00,boardgameio,State Management and Multiplayer Networking for Turn-Based Games,Gaming,gaming,Growth,Unknown,7.0,40.0,100.0,0.0,0.0,Framework migration,51.5,Watch,Commit acceleration,None,https://github.com/boardgameio,https://boardgame.io,https://signals.gitdealflow.com/startup/boardgameio
2026-08-10,Q3 2026,2026-08-10T08:54:03.448000+00:00,borglab,"GTSAM is a library of C++ classes that implement smoothing and mapping (SAM) in robotics and vision, using factor graphs",Robotics,robotics,Growth,Unknown,3.0,-96.0,100.0,0.0,0.0,Framework migration,27.6,Quiet,Team depth,Momentum cooling,https://github.com/borglab,,https://signals.gitdealflow.com/startup/borglab
2026-08-10,Q3 2026,2026-08-10T08:54:03.448000+00:00,bruin-data,"Bruin is an end-to-end data platform with built-in data quality, observability, and governance.",Data Infrastructure,data-infrastructure,Seed,UK,19.0,19.0,13.0,106.0,0.0,Engineering hiring burst,66.4,Strong,Commit acceleration,None,https://github.com/bruin-data,https://getbruin.com,https://signals.gitdealflow.com/startup/bruin-data
2026-08-10,Q3 2026,2026-08-10T08:54:03.448000+00:00,calagopus,"calagopus is agaming series a/b startup based in EU, modernizing their technology stack for scale.",Gaming,gaming,Series A/B,EU,38.0,-52.0,24.0,0.0,1.0,Framework migration,47.8,Quiet,Absolute engineering velocity,Momentum cooling,https://github.com/calagopus,https://calagopus.com,https://signals.gitdealflow.com/startup/calagopus
2026-08-10,Q3 2026,2026-08-10T08:54:03.448000+00:00,canton-network,"canton network is aweb3 series a/b startup, modernizing their technology stack for scale.",Web3,web3,Series A/B,Unknown,51.0,-36.0,43.0,0.0,2.0,Framework migration,54.6,Watch,Absolute engineering velocity,Momentum cooling,https://github.com/canton-network,https://canton.network,https://signals.gitdealflow.com/startup/canton-network
2026-08-10,Q3 2026,2026-08-10T08:54:03.448000+00:00,castle-engine,"Cross-platform (desktop, mobile, console, web) 3D and 2D game engine supporting many asset formats (glTF, X3D, Spine...)",Gaming,gaming,Series A/B,Unknown,28.0,8.0,24.0,0.0,0.0,Framework migration,51.4,Watch,Commit acceleration,None,https://github.com/castle-engine,https://castle-engine.io,https://signals.gitdealflow.com/startup/castle-engine
2026-08-10,Q3 2026,2026-08-10T08:54:03.448000+00:00,ccao-data,"The CCAO's Data Department creates models, tools, and analyses to improve Cook County's property tax system",EdTech,edtech,Pre-seed,Unknown,1.0,999.0,6.0,0.0,0.0,Deploy frequency spike,48.8,Quiet,Commit acceleration,None,https://github.com/ccao-data,https://www.cookcountyassessoril.gov,https://signals.gitdealflow.com/startup/ccao-data
2026-08-10,Q3 2026,2026-08-10T08:54:03.448000+00:00,celerp,"Companies should own their core systems. Celerp is an ERP framework teams can run, extend, and build on.",Supply Chain,supply-chain,Pre-seed,Unknown,12.0,-33.0,3.0,40.0,4.0,Infrastructure buildout,58.6,Watch,Contributor growth,None,https://github.com/celerp,https://www.celerp.com,https://signals.gitdealflow.com/startup/celerp
2026-08-10,Q3 2026,2026-08-10T08:54:03.448000+00:00,chainstacklabs,Connecting developers with Web3 infrastructure,Web3,web3,Pre-seed,Unknown,2.0,999.0,5.0,0.0,2.0,Deploy frequency spike,56.4,Watch,Commit acceleration,None,https://github.com/chainstacklabs,https://chainstack.com,https://signals.gitdealflow.com/startup/chainstacklabs
2026-08-10,Q3 2026,2026-08-10T08:54:03.448000+00:00,churnkey,"churnkey is aenterprise saas pre-seed startup, modernizing their technology stack for scale.",Enterprise SaaS,enterprise-saas,Pre-seed,Unknown,11.0,-42.0,3.0,18.0,0.0,Framework migration,43.5,Quiet,Contributor growth,None,https://github.com/churnkey,https://churnkey.co,https://signals.gitdealflow.com/startup/churnkey
2026-08-10,Q3 2026,2026-08-10T08:54:03.448000+00:00,cilium,"eBPF-based Networking, Security, and Observability",Data Infrastructure,data-infrastructure,Growth,Unknown,82.0,-63.0,100.0,0.0,0.0,Framework migration,45.2,Quiet,Absolute engineering velocity,Momentum cooling,https://github.com/cilium,https://cilium.io,https://signals.gitdealflow.com/startup/cilium
2026-08-10,Q3 2026,2026-08-10T08:54:03.448000+00:00,classroomio,The Open Source Customer/Employee Training Software,EdTech,edtech,Series A/B,Unknown,45.0,-12.0,30.0,28.0,0.0,Framework migration,60.1,Watch,Commit acceleration,None,https://github.com/classroomio,https://classroomio.com,https://signals.gitdealflow.com/startup/classroomio
2026-08-10,Q3 2026,2026-08-10T08:54:03.448000+00:00,codeforlife-education,Giving everyone the ability to shape technology's future,EdTech,edtech,Pre-seed,UK,1.0,-67.0,3.0,0.0,1.0,Framework migration,26.8,Quiet,Repository expansion,Momentum cooling,https://github.com/codeforlife-education,https://www.codeforlife.education,https://signals.gitdealflow.com/startup/codeforlife-education
2026-08-10,Q3 2026,2026-08-10T08:54:03.448000+00:00,commaai,Building the Android of self-driving cars,Robotics,robotics,Growth,Unknown,52.0,24.0,100.0,0.0,0.0,Framework migration,58.4,Watch,Commit acceleration,None,https://github.com/commaai,https://comma.ai,https://signals.gitdealflow.com/startup/commaai
2026-08-10,Q3 2026,2026-08-10T08:54:03.448000+00:00,constructorfabric,A unified fabric that automates the entire XaaS software development lifecycle  from planning to building to running ser,Enterprise SaaS,enterprise-saas,Seed,Unknown,101.0,-43.0,16.0,8.0,6.0,Infrastructure buildout,65.0,Strong,Absolute engineering velocity,None,https://github.com/constructorfabric,https://constructorfabric.org,https://signals.gitdealflow.com/startup/constructorfabric
2026-08-10,Q3 2026,2026-08-10T08:54:03.448000+00:00,coollabsio,"Software without compromise. Free, open source, and built for you.",Social & Community,social-community,Series A/B,Unknown,65.0,-18.0,41.0,81.0,1.0,Engineering hiring burst,74.0,Strong,Contributor growth,None,https://github.com/coollabsio,https://coollabs.io,https://signals.gitdealflow.com/startup/coollabsio
2026-08-10,Q3 2026,2026-08-10T08:54:03.448000+00:00,copper-project,"Home for copper-rs, the deterministic robot OS built in Rust.",Robotics,robotics,Series A/B,US,16.0,-57.0,34.0,2.0,3.0,Infrastructure buildout,55.5,Watch,Contributor growth,None,https://github.com/copper-project,,https://signals.gitdealflow.com/startup/copper-project
2026-08-10,Q3 2026,2026-08-10T08:54:03.448000+00:00,cpinitiative,"We promote competitive programming among pre-college students through resources, competitions, clubs, and classes.",EdTech,edtech,Growth,Unknown,53.0,-80.0,100.0,8.0,0.0,Framework migration,48.1,Quiet,Absolute engineering velocity,None,https://github.com/cpinitiative,https://joincpi.org,https://signals.gitdealflow.com/startup/cpinitiative
2026-08-10,Q3 2026,2026-08-10T08:54:03.448000+00:00,cran-task-views,CRAN task views aim to provide some guidance which packages on CRAN are relevant for tasks related to a certain topic.,AgTech,agtech,Seed,Unknown,2.0,999.0,13.0,0.0,0.0,Deploy frequency spike,51.9,Watch,Commit acceleration,None,https://github.com/cran-task-views,https://cran.r-project.org/web/views/,https://signals.gitdealflow.com/startup/cran-task-views
2026-08-10,Q3 2026,2026-08-10T08:54:03.448000+00:00,cryostatio,JDK Flight Recorder for Kubernetes,Data Infrastructure,data-infrastructure,Seed,Unknown,7.0,-46.0,10.0,11.0,0.0,Framework migration,42.9,Quiet,Contributor growth,None,https://github.com/cryostatio,https://cryostat.io,https://signals.gitdealflow.com/startup/cryostatio
2026-08-10,Q3 2026,2026-08-10T08:54:03.448000+00:00,cyberbotics,Developers of Webots,Robotics,robotics,Growth,US,1.0,-80.0,100.0,400.0,0.0,Engineering hiring burst,46.5,Quiet,Contributor growth,None,https://github.com/cyberbotics,https://cyberbotics.com,https://signals.gitdealflow.com/startup/cyberbotics
2026-08-10,Q3 2026,2026-08-10T08:54:03.448000+00:00,dagucloud,"Local-first data pipeline orchestration for scripts, SQL, containers, and private infrastructure. One binary, file-backe",Data Infrastructure,data-infrastructure,Growth,Unknown,23.0,-36.0,77.0,0.0,0.0,Framework migration,45.8,Quiet,Commit acceleration,Momentum cooling,https://github.com/dagucloud,https://dagu.sh,https://signals.gitdealflow.com/startup/dagucloud
2026-08-10,Q3 2026,2026-08-10T08:54:03.448000+00:00,databayt,business automation,Enterprise SaaS,enterprise-saas,Seed,Unknown,74.0,573.0,8.0,0.0,0.0,Deploy frequency spike,62.0,Watch,Commit acceleration,None,https://github.com/databayt,https://www.databayt.org,https://signals.gitdealflow.com/startup/databayt
2026-08-10,Q3 2026,2026-08-10T08:54:03.448000+00:00,datajuicer,Data processing for and with large models.,Data Infrastructure,data-infrastructure,Growth,Unknown,9.0,350.0,51.0,73.0,0.0,Engineering hiring burst,70.4,Strong,Commit acceleration,None,https://github.com/datajuicer,,https://signals.gitdealflow.com/startup/datajuicer
2026-08-10,Q3 2026,2026-08-10T08:54:03.448000+00:00,dbt-labs,"dbt helps data teams work like software engineers—to ship trusted data, faster.",Data Infrastructure,data-infrastructure,Growth,Unknown,99.0,-31.0,100.0,0.0,0.0,Framework migration,53.2,Watch,Absolute engineering velocity,Momentum cooling,https://github.com/dbt-labs,https://getdbt.com,https://signals.gitdealflow.com/startup/dbt-labs
2026-08-10,Q3 2026,2026-08-10T08:54:03.448000+00:00,dealfluence,"dealfluence is alegal tech pre-seed startup, modernizing their technology stack for scale.",Legal Tech,legal-tech,Pre-seed,Unknown,55.0,22.0,6.0,0.0,0.0,Framework migration,53.0,Watch,Commit acceleration,None,https://github.com/dealfluence,,https://signals.gitdealflow.com/startup/dealfluence
2026-08-10,Q3 2026,2026-08-10T08:54:03.448000+00:00,debezium,Distributed open source platform for change data capture,Data Infrastructure,data-infrastructure,Growth,Unknown,54.0,-56.0,100.0,29.0,2.0,Framework migration,61.2,Watch,Contributor growth,None,https://github.com/debezium,https://debezium.io,https://signals.gitdealflow.com/startup/debezium
2026-08-10,Q3 2026,2026-08-10T08:54:03.448000+00:00,dfinity,The Internet Computer aims to reinvent the internet as a computer to host secure software and a new breed of open intern,Web3,web3,Growth,EU,14.0,-18.0,61.0,0.0,0.0,Framework migration,46.9,Quiet,Commit acceleration,Momentum cooling,https://github.com/dfinity,https://dfinity.org,https://signals.gitdealflow.com/startup/dfinity
2026-08-10,Q3 2026,2026-08-10T08:54:03.448000+00:00,disclose,"The infrastructure that powers vulnerability disclosure and security reporting — Internet-wide. Safe, simple, standardiz",Legal Tech,legal-tech,Seed,Unknown,19.0,999.0,8.0,400.0,7.0,Engineering hiring burst,83.9,Breakout,Commit acceleration,None,https://github.com/disclose,https://disclose.io,https://signals.gitdealflow.com/startup/disclose
2026-08-10,Q3 2026,2026-08-10T08:54:03.448000+00:00,drt-hub,"drt hub is adata infrastructure series a/b startup based in APAC, modernizing their technology stack for scale.",Data Infrastructure,data-infrastructure,Series A/B,APAC,28.0,-42.0,30.0,0.0,1.0,Framework migration,49.0,Quiet,Absolute engineering velocity,Momentum cooling,https://github.com/drt-hub,,https://signals.gitdealflow.com/startup/drt-hub
2026-08-10,Q3 2026,2026-08-10T08:54:03.448000+00:00,earthians,earthians Health Informatics Pvt. Ltd.,Healthcare,healthcare,Growth,APAC,18.0,-62.0,86.0,129.0,0.0,Engineering hiring burst,55.9,Watch,Contributor growth,None,https://github.com/earthians,https://earthianslive.com,https://signals.gitdealflow.com/startup/earthians
2026-08-10,Q3 2026,2026-08-10T08:54:03.448000+00:00,eclipse-zenoh,Pub/sub/query protocol for edge computing providing zero-overhead data routing across distributed systems.,Robotics,robotics,Series A/B,Unknown,7.0,999.0,44.0,60.0,0.0,Engineering hiring burst,72.1,Strong,Commit acceleration,None,https://github.com/eclipse-zenoh,,https://signals.gitdealflow.com/startup/eclipse-zenoh
2026-08-10,Q3 2026,2026-08-10T08:54:03.448000+00:00,ecomplus,Long tail eCommerce solution 🛍 Headless yet easy to use platform joining SaaS convenience with open source freedom,E-commerce Infrastructure,ecommerce-infrastructure,Seed,LATAM,1.0,-67.0,10.0,300.0,0.0,Engineering hiring burst,42.8,Quiet,Contributor growth,None,https://github.com/ecomplus,https://developers.e-com.plus,https://signals.gitdealflow.com/startup/ecomplus
2026-08-10,Q3 2026,2026-08-10T08:54:03.448000+00:00,eftechcombr,"eftechcombr is asupply chain pre-seed startup based in LATAM, shipping product updates at an accelerated pace.",Supply Chain,supply-chain,Pre-seed,LATAM,1.0,999.0,4.0,0.0,1.0,Deploy frequency spike,53.0,Watch,Commit acceleration,None,https://github.com/eftechcombr,https://www.eftech.com.br,https://signals.gitdealflow.com/startup/eftechcombr
2026-08-10,Q3 2026,2026-08-10T08:54:03.448000+00:00,elimu-ai,Free open-source learning software for out-of-school children 🚀✨,EdTech,edtech,Seed,Unknown,8.0,-77.0,12.0,0.0,0.0,Framework migration,30.0,Quiet,Absolute engineering velocity,Momentum cooling,https://github.com/elimu-ai,https://elimu.ai,https://signals.gitdealflow.com/startup/elimu-ai
2026-08-10,Q3 2026,2026-08-10T08:54:03.448000+00:00,elodin-sys,"elodin sys is aspace tech seed startup based in US, modernizing their technology stack for scale.",Space Tech,space-tech,Seed,US,10.0,-29.0,19.0,5.0,0.0,Framework migration,48.8,Quiet,Contributor growth,None,https://github.com/elodin-sys,https://elodin.systems,https://signals.gitdealflow.com/startup/elodin-sys
2026-08-10,Q3 2026,2026-08-10T08:54:03.448000+00:00,endless-sky,"Space exploration, trading, and combat game.",Space Tech,space-tech,Growth,US,22.0,-44.0,54.0,30.0,0.0,Framework migration,52.2,Watch,Contributor growth,None,https://github.com/endless-sky,,https://signals.gitdealflow.com/startup/endless-sky
2026-08-10,Q3 2026,2026-08-10T08:54:03.448000+00:00,epic-open-source,"Epic develops software to help people get well, help people stay well, and help future generations be healthier.",Healthcare,healthcare,Seed,Unknown,2.0,999.0,18.0,300.0,0.0,Engineering hiring burst,68.5,Strong,Commit acceleration,None,https://github.com/epic-open-source,https://www.epic.com,https://signals.gitdealflow.com/startup/epic-open-source
2026-08-10,Q3 2026,2026-08-10T08:54:03.448000+00:00,ere-health,der virtuelle E-Rezept Drucker,Healthcare,healthcare,Series A/B,EU,1.0,999.0,30.0,0.0,0.0,Deploy frequency spike,51.9,Watch,Commit acceleration,None,https://github.com/ere-health,https://ere.health,https://signals.gitdealflow.com/startup/ere-health
2026-08-10,Q3 2026,2026-08-10T08:54:03.448000+00:00,estuary,"estuary is adata infrastructure series a/b startup, modernizing their technology stack for scale.",Data Infrastructure,data-infrastructure,Series A/B,Unknown,38.0,-36.0,37.0,0.0,0.0,Framework migration,47.1,Quiet,Absolute engineering velocity,Momentum cooling,https://github.com/estuary,https://estuary.dev,https://signals.gitdealflow.com/startup/estuary
2026-08-10,Q3 2026,2026-08-10T08:54:03.448000+00:00,etewiah,Create a fully featured real estate website on Rails in minutes! ⛺,PropTech,proptech,Series A/B,Unknown,5.0,999.0,22.0,233.0,0.0,Engineering hiring burst,71.9,Strong,Commit acceleration,None,https://github.com/etewiah,,https://signals.gitdealflow.com/startup/etewiah
2026-08-10,Q3 2026,2026-08-10T08:54:03.448000+00:00,ever-co,The Everything Platform for Businesses™,Supply Chain,supply-chain,Growth,US,35.0,-75.0,80.0,400.0,1.0,Engineering hiring burst,64.2,Watch,Contributor growth,None,https://github.com/ever-co,https://ever.co,https://signals.gitdealflow.com/startup/ever-co
2026-08-10,Q3 2026,2026-08-10T08:54:03.448000+00:00,evershopcommerce,Open-Source NodeJS Ecommerce Platform,E-commerce Infrastructure,ecommerce-infrastructure,Series A/B,Unknown,30.0,36.0,46.0,400.0,0.0,Engineering hiring burst,74.5,Strong,Contributor growth,None,https://github.com/evershopcommerce,https://evershop.io,https://signals.gitdealflow.com/startup/evershopcommerce
2026-08-10,Q3 2026,2026-08-10T08:54:03.448000+00:00,exactly,"exactly protocol is a decentralized, non-custodial and autonomous marketplace for depositing and borrowing crypto assets",Web3,web3,Seed,Unknown,9.0,-61.0,11.0,0.0,0.0,Framework migration,33.1,Quiet,Absolute engineering velocity,Momentum cooling,https://github.com/exactly,https://exact.ly,https://signals.gitdealflow.com/startup/exactly
2026-08-10,Q3 2026,2026-08-10T08:54:03.448000+00:00,exyte,"exyte is ahr tech seed startup based in US, shipping product updates at an accelerated pace.",HR Tech,hr-tech,Seed,US,3.0,999.0,15.0,0.0,0.0,Deploy frequency spike,53.3,Watch,Commit acceleration,None,https://github.com/exyte,https://exyte.com,https://signals.gitdealflow.com/startup/exyte
2026-08-10,Q3 2026,2026-08-10T08:54:03.448000+00:00,fedbiomed,Collaborative learning in heathcare,Healthcare,healthcare,Series A/B,Unknown,4.0,-73.0,23.0,4.0,0.0,Framework migration,35.7,Quiet,Contributor growth,None,https://github.com/fedbiomed,https://fedbiomed.org,https://signals.gitdealflow.com/startup/fedbiomed
2026-08-10,Q3 2026,2026-08-10T08:54:03.448000+00:00,fineprint-global,Moving material flow and footprint analysis from the national to the spatially explicit level,AgTech,agtech,Seed,Unknown,14.0,250.0,9.0,178.0,0.0,Engineering hiring burst,69.8,Strong,Commit acceleration,None,https://github.com/fineprint-global,https://fineprint.resource-use.global,https://signals.gitdealflow.com/startup/fineprint-global
2026-08-10,Q3 2026,2026-08-10T08:54:03.448000+00:00,finos,FINOS’ mission is to promote open innovation in financial services. See our full list of repos from our nearly 100 proje,Legal Tech,legal-tech,Growth,Unknown,4.0,-75.0,52.0,0.0,0.0,Framework migration,30.0,Quiet,Contributor growth,Momentum cooling,https://github.com/finos,https://landscape.finos.org,https://signals.gitdealflow.com/startup/finos
2026-08-10,Q3 2026,2026-08-10T08:54:03.448000+00:00,flaskbb,"flaskbb is asocial & community growth startup, modernizing their technology stack for scale.",Social & Community,social-community,Growth,Unknown,2.0,-50.0,62.0,0.0,0.0,Framework migration,33.3,Quiet,Commit acceleration,Momentum cooling,https://github.com/flaskbb,https://flaskbb.org,https://signals.gitdealflow.com/startup/flaskbb
2026-08-10,Q3 2026,2026-08-10T08:54:03.448000+00:00,fleetbase,Modular logistics and supply chain operating system (LSOS),Supply Chain,supply-chain,Pre-seed,APAC,17.0,1600.0,7.0,73.0,1.0,Engineering hiring burst,77.0,Strong,Commit acceleration,None,https://github.com/fleetbase,https://www.fleetbase.io,https://signals.gitdealflow.com/startup/fleetbase
2026-08-10,Q3 2026,2026-08-10T08:54:03.448000+00:00,foundation50,OpenCourseWare and Open-Source Software,EdTech,edtech,Pre-seed,Unknown,188.0,-31.0,7.0,400.0,3.0,Engineering hiring burst,75.0,Strong,Contributor growth,None,https://github.com/foundation50,https://fifty.foundation,https://signals.gitdealflow.com/startup/foundation50
2026-08-10,Q3 2026,2026-08-10T08:54:03.448000+00:00,foundry-rs,"Foundry is a blazing fast, portable and modular toolkit for Ethereum application development written in Rust.",Web3,web3,Growth,Unknown,8.0,0.0,91.0,0.0,0.0,Framework migration,48.3,Quiet,Commit acceleration,None,https://github.com/foundry-rs,https://getfoundry.sh,https://signals.gitdealflow.com/startup/foundry-rs
2026-08-10,Q3 2026,2026-08-10T08:54:03.448000+00:00,foxglove,Accelerate your robotics development,Robotics,robotics,Seed,Unknown,3.0,999.0,19.0,0.0,4.0,Infrastructure buildout,62.2,Watch,Commit acceleration,None,https://github.com/foxglove,https://foxglove.dev,https://signals.gitdealflow.com/startup/foxglove
2026-08-10,Q3 2026,2026-08-10T08:54:03.448000+00:00,gardener,Universal Kubernetes at Scale,Legal Tech,legal-tech,Series A/B,EU,3.0,-70.0,33.0,0.0,0.0,Framework migration,29.0,Quiet,Contributor growth,Momentum cooling,https://github.com/gardener,https://gardener.cloud,https://signals.gitdealflow.com/startup/gardener
2026-08-10,Q3 2026,2026-08-10T08:54:03.448000+00:00,gbionics,Amplifying humans,Robotics,robotics,Series A/B,Unknown,4.0,999.0,26.0,0.0,5.0,Infrastructure buildout,64.1,Watch,Commit acceleration,None,https://github.com/gbionics,https://gbionics.ai,https://signals.gitdealflow.com/startup/gbionics
2026-08-10,Q3 2026,2026-08-10T08:54:03.448000+00:00,gear-tech,Powering Web3 decentralized computing,Web3,web3,Pre-seed,Unknown,40.0,-17.0,3.0,0.0,1.0,Framework migration,51.0,Watch,Commit acceleration,Momentum cooling,https://github.com/gear-tech,https://gear-tech.io,https://signals.gitdealflow.com/startup/gear-tech
2026-08-10,Q3 2026,2026-08-10T08:54:03.448000+00:00,gochain,The web3 blockchain for enterprise.,Web3,web3,Growth,Unknown,7.0,999.0,100.0,0.0,0.0,Deploy frequency spike,60.9,Watch,Commit acceleration,None,https://github.com/gochain,https://gochain.io,https://signals.gitdealflow.com/startup/gochain
2026-08-10,Q3 2026,2026-08-10T08:54:03.448000+00:00,gofractally,innovating independence tech,Web3,web3,Seed,Unknown,28.0,-36.0,13.0,0.0,1.0,Framework migration,48.5,Quiet,Absolute engineering velocity,Momentum cooling,https://github.com/gofractally,https://fractally.com,https://signals.gitdealflow.com/startup/gofractally
2026-08-10,Q3 2026,2026-08-10T08:54:03.448000+00:00,goodrain,"Rainbond is Cloud Native apps manage platform, Make apps manage and apps delivery easier. Rainbond is open source produc",Enterprise SaaS,enterprise-saas,Series A/B,APAC,2.0,-92.0,20.0,0.0,0.0,Framework migration,23.1,Quiet,Contributor growth,Momentum cooling,https://github.com/goodrain,https://www.rainbond.com,https://signals.gitdealflow.com/startup/goodrain
2026-08-10,Q3 2026,2026-08-10T08:54:03.448000+00:00,gosqasorg,Global Open Source Quality Assurance System,Supply Chain,supply-chain,Series A/B,Unknown,16.0,-11.0,24.0,8.0,0.0,Framework migration,53.9,Watch,Commit acceleration,None,https://github.com/gosqasorg,,https://signals.gitdealflow.com/startup/gosqasorg
2026-08-10,Q3 2026,2026-08-10T08:54:03.448000+00:00,growthepie,Visualizing Ethereum’s Story Through Data. The open analytics platform for the Ethereum ecosystem. From Mainnet to Layer,Web3,web3,Seed,Unknown,12.0,20.0,9.0,0.0,0.0,Framework migration,47.5,Quiet,Commit acceleration,None,https://github.com/growthepie,https://www.growthepie.com,https://signals.gitdealflow.com/startup/growthepie
2026-08-10,Q3 2026,2026-08-10T08:54:03.448000+00:00,gurkenlabs,"Two Bavarian brothers, one goal: Create the purest, most comprehensible Java 2D game engine out there.",Gaming,gaming,Series A/B,EU,5.0,67.0,31.0,0.0,0.0,Framework migration,48.5,Quiet,Commit acceleration,None,https://github.com/gurkenlabs,http://www.gurkenlabs.de,https://signals.gitdealflow.com/startup/gurkenlabs
2026-08-10,Q3 2026,2026-08-10T08:54:03.448000+00:00,hapifhir,This is the source home for the HAPI FHIR project. Note that we are in the progress of migrating our codebase from the m,Healthcare,healthcare,Growth,Unknown,4.0,-85.0,100.0,0.0,0.0,Framework migration,29.8,Quiet,Team depth,Momentum cooling,https://github.com/hapifhir,https://github.com/jamesagnew/hapi-fhir,https://signals.gitdealflow.com/startup/hapifhir
2026-08-10,Q3 2026,2026-08-10T08:54:03.448000+00:00,haxtheweb,Tools,EdTech,edtech,Series A/B,US,5.0,-90.0,42.0,0.0,1.0,Framework migration,33.6,Quiet,Repository expansion,Momentum cooling,https://github.com/haxtheweb,https://hax.psu.edu,https://signals.gitdealflow.com/startup/haxtheweb
2026-08-10,Q3 2026,2026-08-10T08:54:03.448000+00:00,healthchainai,Building developer tools and for the next generation of healthcare AI applications.,Healthcare,healthcare,Seed,UK,8.0,-27.0,14.0,180.0,1.0,Engineering hiring burst,63.8,Watch,Contributor growth,None,https://github.com/healthchainai,https://dotimplement.ai,https://signals.gitdealflow.com/startup/healthchainai
2026-08-10,Q3 2026,2026-08-10T08:54:03.448000+00:00,hedyorg,"hedyorg is aedtech growth startup based in EU, modernizing their technology stack for scale.",EdTech,edtech,Growth,EU,10.0,-33.0,100.0,34.0,0.0,Framework migration,53.8,Watch,Contributor growth,None,https://github.com/hedyorg,https://www.hedy.org,https://signals.gitdealflow.com/startup/hedyorg
2026-08-10,Q3 2026,2026-08-10T08:54:03.448000+00:00,hightower-systems,"hightower systems is asupply chain pre-seed startup, shipping product updates at an accelerated pace.",Supply Chain,supply-chain,Pre-seed,Unknown,1.0,999.0,3.0,0.0,0.0,Deploy frequency spike,47.3,Quiet,Commit acceleration,None,https://github.com/hightower-systems,,https://signals.gitdealflow.com/startup/hightower-systems
2026-08-10,Q3 2026,2026-08-10T08:54:03.448000+00:00,horilla,"horilla is ahr tech series a/b startup, modernizing their technology stack for scale.",HR Tech,hr-tech,Series A/B,Unknown,4.0,-33.0,47.0,11.0,0.0,Framework migration,46.1,Quiet,Contributor growth,None,https://github.com/horilla,https://horilla.com,https://signals.gitdealflow.com/startup/horilla
2026-08-10,Q3 2026,2026-08-10T08:54:03.448000+00:00,hpi-schul-cloud,"hpi schul cloud is aedtech growth startup based in EU, modernizing their technology stack for scale.",EdTech,edtech,Growth,EU,14.0,-12.0,100.0,0.0,0.0,Framework migration,49.1,Quiet,Commit acceleration,Momentum cooling,https://github.com/hpi-schul-cloud,,https://signals.gitdealflow.com/startup/hpi-schul-cloud
2026-08-10,Q3 2026,2026-08-10T08:54:03.448000+00:00,hpi-studyu,"hpi studyu is ahealthcare seed startup based in EU, rapidly expanding their engineering team.",Healthcare,healthcare,Seed,EU,35.0,-33.0,17.0,74.0,0.0,Engineering hiring burst,62.0,Watch,Contributor growth,None,https://github.com/hpi-studyu,https://studyu.health,https://signals.gitdealflow.com/startup/hpi-studyu
2026-08-10,Q3 2026,2026-08-10T08:54:03.448000+00:00,hyperledger-labs,Hyperledger Labs provides a space where work can easily be started without the creation of an official Hyperledger proje,Web3,web3,Seed,US,2.0,999.0,15.0,0.0,0.0,Deploy frequency spike,52.1,Watch,Commit acceleration,None,https://github.com/hyperledger-labs,https://lf-decentralized-trust-labs.github.io,https://signals.gitdealflow.com/startup/hyperledger-labs
2026-08-10,Q3 2026,2026-08-10T08:54:03.448000+00:00,i-dot-ai,Incubator for Artificial Intelligence,Legal Tech,legal-tech,Pre-seed,UK,3.0,0.0,6.0,53.0,2.0,Engineering hiring burst,60.6,Watch,Commit acceleration,None,https://github.com/i-dot-ai,https://ai.gov.uk,https://signals.gitdealflow.com/startup/i-dot-ai
2026-08-10,Q3 2026,2026-08-10T08:54:03.448000+00:00,iblai,"Sovereign AI infrastructure to build your agents and apps. You own all the code and data for privacy, security and contr",EdTech,edtech,Seed,US,46.0,-65.0,11.0,15.0,1.0,Framework migration,50.9,Watch,Absolute engineering velocity,None,https://github.com/iblai,https://ibl.ai,https://signals.gitdealflow.com/startup/iblai
2026-08-10,Q3 2026,2026-08-10T08:54:03.448000+00:00,iflytek,iFLYTEK Open Source,Enterprise SaaS,enterprise-saas,Pre-seed,APAC,7.0,-59.0,5.0,0.0,2.0,Framework migration,37.5,Quiet,Repository expansion,Momentum cooling,https://github.com/iflytek,https://opensource.iflytek.com,https://signals.gitdealflow.com/startup/iflytek
2026-08-10,Q3 2026,2026-08-10T08:54:03.448000+00:00,ihmcrobotics,IHMC Robotics Lab on GitHub,Robotics,robotics,Growth,Unknown,4.0,-60.0,79.0,190.0,0.0,Engineering hiring burst,51.4,Watch,Contributor growth,None,https://github.com/ihmcrobotics,https://robots.ihmc.us,https://signals.gitdealflow.com/startup/ihmcrobotics
2026-08-10,Q3 2026,2026-08-10T08:54:03.448000+00:00,immutable,"immutable is aweb3 growth startup based in APAC, modernizing their technology stack for scale.",Web3,web3,Growth,APAC,7.0,40.0,84.0,33.0,0.0,Framework migration,59.9,Watch,Commit acceleration,None,https://github.com/immutable,https://immutable.com,https://signals.gitdealflow.com/startup/immutable
2026-08-10,Q3 2026,2026-08-10T08:54:03.448000+00:00,innate-inc,Physical AI Agents,Robotics,robotics,Seed,US,52.0,-58.0,15.0,127.0,3.0,Engineering hiring burst,65.2,Strong,Contributor growth,None,https://github.com/innate-inc,https://innate.bot,https://signals.gitdealflow.com/startup/innate-inc
2026-08-10,Q3 2026,2026-08-10T08:54:03.448000+00:00,insightsengineering,Roche/Genentech - Insights Engineering,Healthcare,healthcare,Seed,EU,2.0,999.0,9.0,0.0,2.0,Deploy frequency spike,57.6,Watch,Commit acceleration,None,https://github.com/insightsengineering,https://code4life.roche.com,https://signals.gitdealflow.com/startup/insightsengineering
2026-08-10,Q3 2026,2026-08-10T08:54:03.448000+00:00,intershop,Intershop offers comprehensive Commerce APIs for B2B and B2C to create flexible solutions for digital commerce.,E-commerce Infrastructure,ecommerce-infrastructure,Growth,US,7.0,-46.0,69.0,0.0,0.0,Framework migration,39.3,Quiet,Commit acceleration,Momentum cooling,https://github.com/intershop,https://intershop.com,https://signals.gitdealflow.com/startup/intershop
2026-08-10,Q3 2026,2026-08-10T08:54:03.448000+00:00,jlawyerorg,"""Home"" of j-lawyer.org, an open source and free case management software for Windows. macOS and Linux",Legal Tech,legal-tech,Seed,Unknown,9.0,80.0,8.0,48.0,0.0,Framework migration,58.6,Watch,Commit acceleration,None,https://github.com/jlawyerorg,http://www.j-lawyer.org,https://signals.gitdealflow.com/startup/jlawyerorg
2026-08-10,Q3 2026,2026-08-10T08:54:03.448000+00:00,jmix-framework,"jmix framework is aenterprise saas growth startup, modernizing their technology stack for scale.",Enterprise SaaS,enterprise-saas,Growth,Unknown,9.0,-69.0,84.0,0.0,0.0,Framework migration,35.3,Quiet,Absolute engineering velocity,Momentum cooling,https://github.com/jmix-framework,https://www.jmix.io,https://signals.gitdealflow.com/startup/jmix-framework
2026-08-10,Q3 2026,2026-08-10T08:54:03.448000+00:00,juspay,Design to simplify. Revolutionizing digital payments.,E-commerce Infrastructure,ecommerce-infrastructure,Growth,APAC,100.0,113.0,65.0,49.0,2.0,Framework migration,78.5,Strong,Commit acceleration,None,https://github.com/juspay,https://www.juspay.in,https://signals.gitdealflow.com/startup/juspay
2026-08-10,Q3 2026,2026-08-10T08:54:03.448000+00:00,kairos-io,"kairos io is aweb3 pre-seed startup, modernizing their technology stack for scale.",Web3,web3,Pre-seed,Unknown,19.0,-88.0,5.0,0.0,2.0,Framework migration,35.9,Quiet,Absolute engineering velocity,Momentum cooling,https://github.com/kairos-io,https://kairos.io,https://signals.gitdealflow.com/startup/kairos-io
2026-08-10,Q3 2026,2026-08-10T08:54:03.448000+00:00,kuestcom,Launch Your Own Decentralized Prediction Market in Minutes,Web3,web3,Seed,US,35.0,-65.0,10.0,23.0,0.0,Framework migration,45.5,Quiet,Contributor growth,None,https://github.com/kuestcom,https://kuest.com,https://signals.gitdealflow.com/startup/kuestcom
2026-08-10,Q3 2026,2026-08-10T08:54:03.448000+00:00,langchain-ai,"langchain ai is aenterprise saas series a/b startup based in US, modernizing their technology stack for scale.",Enterprise SaaS,enterprise-saas,Series A/B,US,59.0,-11.0,39.0,0.0,2.0,Framework migration,59.7,Watch,Commit acceleration,Momentum cooling,https://github.com/langchain-ai,https://www.langchain.com,https://signals.gitdealflow.com/startup/langchain-ai
2026-08-10,Q3 2026,2026-08-10T08:54:03.448000+00:00,langfuse,"Open source AI engineering platform. Debug, analyze and iterate together.",Data Infrastructure,data-infrastructure,Growth,Unknown,78.0,-34.0,100.0,85.0,0.0,Engineering hiring burst,68.3,Strong,Contributor growth,None,https://github.com/langfuse,https://langfuse.com,https://signals.gitdealflow.com/startup/langfuse
2026-08-10,Q3 2026,2026-08-10T08:54:03.448000+00:00,laudspeaker,Open Source User Onboarding Tools and Cross-Channel Messaging.,HR Tech,hr-tech,Seed,US,1.0,999.0,13.0,0.0,0.0,Deploy frequency spike,50.3,Watch,Commit acceleration,None,https://github.com/laudspeaker,https://laudspeaker.com,https://signals.gitdealflow.com/startup/laudspeaker
2026-08-10,Q3 2026,2026-08-10T08:54:03.448000+00:00,learnhouse,The modern Open source learning platform for everyone.,EdTech,edtech,Series A/B,Unknown,5.0,-93.0,35.0,0.0,0.0,Framework migration,27.7,Quiet,Contributor growth,Momentum cooling,https://github.com/learnhouse,https://learnhouse.app,https://signals.gitdealflow.com/startup/learnhouse
2026-08-10,Q3 2026,2026-08-10T08:54:03.448000+00:00,learning-commons-org,Learning Commons provides AI infrastructure to scale proven learning practices to reach every learner.,EdTech,edtech,Seed,US,4.0,-56.0,9.0,0.0,1.0,Framework migration,35.8,Quiet,Repository expansion,Momentum cooling,https://github.com/learning-commons-org,https://learningcommons.org,https://signals.gitdealflow.com/startup/learning-commons-org
2026-08-10,Q3 2026,2026-08-10T08:54:03.448000+00:00,learningeconomy,Agency & Opportunity For All,EdTech,edtech,Seed,Unknown,14.0,-84.0,15.0,18.0,0.0,Framework migration,38.7,Quiet,Contributor growth,None,https://github.com/learningeconomy,https://www.learningeconomy.io,https://signals.gitdealflow.com/startup/learningeconomy
2026-08-10,Q3 2026,2026-08-10T08:54:03.448000+00:00,lge-ros2,'lge-ros2' project is now heading to next-generation robotics world by cloud robotics framework with 5G connections.,Robotics,robotics,Pre-seed,APAC,52.0,24.0,4.0,16.0,2.0,Framework migration,65.8,Strong,Commit acceleration,None,https://github.com/lge-ros2,,https://signals.gitdealflow.com/startup/lge-ros2
2026-08-10,Q3 2026,2026-08-10T08:54:03.448000+00:00,licensee,A Ruby Gem to detect under what license a project is distributed.,Legal Tech,legal-tech,Growth,Unknown,16.0,100.0,60.0,26.0,0.0,Framework migration,63.2,Watch,Commit acceleration,None,https://github.com/licensee,,https://signals.gitdealflow.com/startup/licensee
2026-08-10,Q3 2026,2026-08-10T08:54:03.448000+00:00,lifinance,The DeFi Liquidity Mesh - Bridge & DEX aggregation out of the box,Web3,web3,Pre-seed,Unknown,19.0,-74.0,5.0,0.0,1.0,Framework migration,36.8,Quiet,Absolute engineering velocity,Momentum cooling,https://github.com/lifinance,https://li.fi,https://signals.gitdealflow.com/startup/lifinance
2026-08-10,Q3 2026,2026-08-10T08:54:03.448000+00:00,livekit,Open source WebRTC and realtime AI infrastructure,Robotics,robotics,Growth,Unknown,13.0,-50.0,74.0,0.0,0.0,Framework migration,40.3,Quiet,Absolute engineering velocity,Momentum cooling,https://github.com/livekit,https://livekit.io,https://signals.gitdealflow.com/startup/livekit
2026-08-10,Q3 2026,2026-08-10T08:54:03.448000+00:00,logicaldoc,Open source document management software,Legal Tech,legal-tech,Pre-seed,Unknown,14.0,-30.0,4.0,38.0,0.0,Framework migration,49.3,Quiet,Contributor growth,None,https://github.com/logicaldoc,https://www.logicaldoc.com,https://signals.gitdealflow.com/startup/logicaldoc
2026-08-10,Q3 2026,2026-08-10T08:54:03.448000+00:00,lomiafrica,The open-source payment processing platform powering West African businesses.,Enterprise SaaS,enterprise-saas,Seed,Unknown,61.0,-55.0,9.0,86.0,2.0,Engineering hiring burst,64.7,Watch,Contributor growth,None,https://github.com/lomiafrica,https://lomi.africa,https://signals.gitdealflow.com/startup/lomiafrica
2026-08-10,Q3 2026,2026-08-10T08:54:03.448000+00:00,maize-tech,"maize tech is alegal tech pre-seed startup, modernizing their technology stack for scale.",Legal Tech,legal-tech,Pre-seed,Unknown,1.0,-80.0,4.0,0.0,0.0,Framework migration,20.3,Quiet,Contributor growth,Momentum cooling,https://github.com/maize-tech,https://maize.io,https://signals.gitdealflow.com/startup/maize-tech
2026-08-10,Q3 2026,2026-08-10T08:54:03.448000+00:00,margelo,High-end App Development Agency focused on React Native.,Web3,web3,Series A/B,Unknown,1.0,999.0,40.0,0.0,1.0,Deploy frequency spike,57.7,Watch,Commit acceleration,None,https://github.com/margelo,https://margelo.com,https://signals.gitdealflow.com/startup/margelo
2026-08-10,Q3 2026,2026-08-10T08:54:03.448000+00:00,masslight,"masslight is ahealthcare series a/b startup, modernizing their technology stack for scale.",Healthcare,healthcare,Series A/B,Unknown,53.0,-83.0,28.0,0.0,0.0,Framework migration,38.0,Quiet,Absolute engineering velocity,Momentum cooling,https://github.com/masslight,,https://signals.gitdealflow.com/startup/masslight
2026-08-10,Q3 2026,2026-08-10T08:54:03.448000+00:00,medplum,Healthcare infrastructure,Healthcare,healthcare,Growth,US,44.0,-56.0,100.0,0.0,2.0,Framework migration,51.5,Watch,Absolute engineering velocity,Momentum cooling,https://github.com/medplum,https://www.medplum.com,https://signals.gitdealflow.com/startup/medplum
2026-08-10,Q3 2026,2026-08-10T08:54:03.448000+00:00,medulla-tech,Endpoint management solution,Supply Chain,supply-chain,Series A/B,EU,4.0,-56.0,26.0,0.0,0.0,Framework migration,32.8,Quiet,Commit acceleration,Momentum cooling,https://github.com/medulla-tech,https://medulla-tech.io,https://signals.gitdealflow.com/startup/medulla-tech
2026-08-10,Q3 2026,2026-08-10T08:54:03.448000+00:00,medusajs,Building blocks for digital commerce,E-commerce Infrastructure,ecommerce-infrastructure,Growth,US,105.0,-19.0,100.0,24.0,0.0,Framework migration,63.7,Watch,Absolute engineering velocity,None,https://github.com/medusajs,https://medusajs.com,https://signals.gitdealflow.com/startup/medusajs
2026-08-10,Q3 2026,2026-08-10T08:54:03.448000+00:00,mercurjs,Open Source Marketplace Platform,E-commerce Infrastructure,ecommerce-infrastructure,Pre-seed,Unknown,2.0,-98.0,7.0,400.0,0.0,Engineering hiring burst,40.7,Quiet,Contributor growth,None,https://github.com/mercurjs,https://www.mercurjs.com,https://signals.gitdealflow.com/startup/mercurjs
2026-08-10,Q3 2026,2026-08-10T08:54:03.448000+00:00,metorial,The open source AI integration platform for developers.,Enterprise SaaS,enterprise-saas,Pre-seed,Unknown,102.0,-19.0,4.0,0.0,0.0,Framework migration,48.6,Quiet,Absolute engineering velocity,Momentum cooling,https://github.com/metorial,https://metorial.com,https://signals.gitdealflow.com/startup/metorial
2026-08-10,Q3 2026,2026-08-10T08:54:03.448000+00:00,microblink,"Cutting-edge mobile vision tech and beyond, for ultimate user experience and visible business results.",HR Tech,hr-tech,Seed,Unknown,1.0,999.0,17.0,0.0,1.0,Deploy frequency spike,56.0,Watch,Commit acceleration,None,https://github.com/microblink,https://microblink.com,https://signals.gitdealflow.com/startup/microblink
2026-08-10,Q3 2026,2026-08-10T08:54:03.448000+00:00,minthcm,"minthcm is ahr tech pre-seed startup, shipping product updates at an accelerated pace.",HR Tech,hr-tech,Pre-seed,Unknown,1.0,999.0,7.0,0.0,0.0,Deploy frequency spike,49.1,Quiet,Commit acceleration,None,https://github.com/minthcm,https://minthcm.org,https://signals.gitdealflow.com/startup/minthcm
2026-08-10,Q3 2026,2026-08-10T08:54:03.448000+00:00,mloda-ai,"mloda ai is adata infrastructure pre-seed startup based in EU, shipping product updates at an accelerated pace.",Data Infrastructure,data-infrastructure,Pre-seed,EU,1.0,999.0,3.0,0.0,0.0,Deploy frequency spike,47.3,Quiet,Commit acceleration,None,https://github.com/mloda-ai,https://mloda.ai,https://signals.gitdealflow.com/startup/mloda-ai
2026-08-10,Q3 2026,2026-08-10T08:54:03.448000+00:00,moov-io,At the core of #fintech. Moov creates open source infrastructure for financial technology. #OSS,E-commerce Infrastructure,ecommerce-infrastructure,Pre-seed,Unknown,22.0,-21.0,3.0,0.0,0.0,Framework migration,42.0,Quiet,Commit acceleration,Momentum cooling,https://github.com/moov-io,https://moov.io,https://signals.gitdealflow.com/startup/moov-io
2026-08-10,Q3 2026,2026-08-10T08:54:03.448000+00:00,mugnavo,Modern web products built with care.,Enterprise SaaS,enterprise-saas,Seed,Unknown,6.0,-54.0,10.0,0.0,0.0,Framework migration,33.3,Quiet,Commit acceleration,Momentum cooling,https://github.com/mugnavo,https://mugnavo.com,https://signals.gitdealflow.com/startup/mugnavo
2026-08-10,Q3 2026,2026-08-10T08:54:03.448000+00:00,mx-space,混合空间 Mix Space,Space Tech,space-tech,Series A/B,APAC,36.0,-22.0,26.0,0.0,0.0,Framework migration,48.8,Quiet,Commit acceleration,Momentum cooling,https://github.com/mx-space,https://mx-space.js.org,https://signals.gitdealflow.com/startup/mx-space
2026-08-10,Q3 2026,2026-08-10T08:54:03.448000+00:00,naev,Migrated to https://codeberg.org/naev .Naev is a 2D space trading and combat game that combines elements from the action,Space Tech,space-tech,Growth,Unknown,78.0,-39.0,100.0,66.0,0.0,Engineering hiring burst,66.9,Strong,Contributor growth,None,https://github.com/naev,https://codeberg.org/naev,https://signals.gitdealflow.com/startup/naev
2026-08-10,Q3 2026,2026-08-10T08:54:03.448000+00:00,namiml,"Subscription growth platform for apps, web, and CTV",HR Tech,hr-tech,Pre-seed,Unknown,2.0,100.0,5.0,100.0,2.0,Engineering hiring burst,65.3,Strong,Commit acceleration,None,https://github.com/namiml,https://www.nami.ml,https://signals.gitdealflow.com/startup/namiml
2026-08-10,Q3 2026,2026-08-10T08:54:03.448000+00:00,nats-io,"NATS is a simple, secure and performant communications system and data layer for digital systems, services and devices.",Social & Community,social-community,Seed,Unknown,2.0,-67.0,15.0,400.0,1.0,Engineering hiring burst,51.2,Watch,Contributor growth,None,https://github.com/nats-io,https://nats.io,https://signals.gitdealflow.com/startup/nats-io
2026-08-10,Q3 2026,2026-08-10T08:54:03.448000+00:00,neuml,"NeuML is the company behind txtai, one of the most popular open-source AI frameworks in the world.",Healthcare,healthcare,Series A/B,Unknown,25.0,400.0,26.0,0.0,0.0,Deploy frequency spike,59.7,Watch,Commit acceleration,None,https://github.com/neuml,https://neuml.com,https://signals.gitdealflow.com/startup/neuml
2026-08-10,Q3 2026,2026-08-10T08:54:03.448000+00:00,newton-physics,GitHub organization of the Linux Foundation Newton project.,Robotics,robotics,Growth,Unknown,62.0,-35.0,83.0,0.0,0.0,Framework migration,50.4,Watch,Absolute engineering velocity,Momentum cooling,https://github.com/newton-physics,,https://signals.gitdealflow.com/startup/newton-physics
2026-08-10,Q3 2026,2026-08-10T08:54:03.448000+00:00,nextcloud,"📱☁️💻 A safe home for all your data – community-driven, free & open source 👏",Social & Community,social-community,Growth,Unknown,5.0,150.0,74.0,0.0,1.0,Deploy frequency spike,59.4,Watch,Commit acceleration,None,https://github.com/nextcloud,https://nextcloud.com,https://signals.gitdealflow.com/startup/nextcloud
2026-08-10,Q3 2026,2026-08-10T08:54:03.448000+00:00,nfdi4plants,Services and infrastructures to support #FAIRData science and good data management practices within the plant basic rese,EdTech,edtech,Series A/B,Unknown,27.0,200.0,32.0,400.0,1.0,Engineering hiring burst,81.7,Breakout,Commit acceleration,None,https://github.com/nfdi4plants,,https://signals.gitdealflow.com/startup/nfdi4plants
2026-08-10,Q3 2026,2026-08-10T08:54:03.448000+00:00,nmi-agro,Nutriënten Management Instituut (NMI) is a knowledge and consultancy agency. NMI translates technical knowledge about so,AgTech,agtech,Pre-seed,EU,100.0,-33.0,7.0,0.0,0.0,Framework migration,47.4,Quiet,Absolute engineering velocity,Momentum cooling,https://github.com/nmi-agro,https://www.nmi-agro.nl,https://signals.gitdealflow.com/startup/nmi-agro
2026-08-10,Q3 2026,2026-08-10T08:54:03.448000+00:00,o2-engine,2D Game Engine with visual WYSIWYG editor and JS scripting,Gaming,gaming,Pre-seed,Unknown,18.0,200.0,4.0,0.0,0.0,Deploy frequency spike,53.6,Watch,Commit acceleration,None,https://github.com/o2-engine,,https://signals.gitdealflow.com/startup/o2-engine
2026-08-10,Q3 2026,2026-08-10T08:54:03.448000+00:00,o3de,"o3de is aagtech growth startup, rapidly expanding their engineering team.",AgTech,agtech,Growth,Unknown,34.0,10.0,100.0,68.0,0.0,Engineering hiring burst,71.4,Strong,Commit acceleration,None,https://github.com/o3de,https://o3de.org,https://signals.gitdealflow.com/startup/o3de
2026-08-10,Q3 2026,2026-08-10T08:54:03.448000+00:00,oaknational,"Creating an openly licensed, fully resourced and AI-enabled curriculum for teachers and pupils as a not for profit and i",EdTech,edtech,Pre-seed,UK,462.0,-16.0,5.0,0.0,1.0,Framework migration,55.9,Watch,Absolute engineering velocity,Momentum cooling,https://github.com/oaknational,https://www.thenational.academy,https://signals.gitdealflow.com/startup/oaknational
2026-08-10,Q3 2026,2026-08-10T08:54:03.448000+00:00,odpi,"LF AI & Data is an umbrella foundation,artificial intelligence, machine learning, deep learning, and data.",Data Infrastructure,data-infrastructure,Series A/B,Unknown,5.0,150.0,30.0,0.0,0.0,Deploy frequency spike,52.7,Watch,Commit acceleration,None,https://github.com/odpi,https://lfaidata.foundation,https://signals.gitdealflow.com/startup/odpi
2026-08-10,Q3 2026,2026-08-10T08:54:03.448000+00:00,ohcnetwork,Opensource Public Utility | Open Healthcare Network,Healthcare,healthcare,Growth,APAC,11.0,-61.0,100.0,0.0,6.0,Infrastructure buildout,49.5,Quiet,Repository expansion,Momentum cooling,https://github.com/ohcnetwork,https://ohc.network,https://signals.gitdealflow.com/startup/ohcnetwork
2026-08-10,Q3 2026,2026-08-10T08:54:03.448000+00:00,ohs-foundation,This is the technical home for the OHS Software Foundation (a Linux Foundation project currently under formation),Data Infrastructure,data-infrastructure,Series A/B,Unknown,2.0,999.0,28.0,0.0,3.0,Infrastructure buildout,61.4,Watch,Commit acceleration,None,https://github.com/ohs-foundation,https://ohs.foundation,https://signals.gitdealflow.com/startup/ohs-foundation
2026-08-10,Q3 2026,2026-08-10T08:54:03.448000+00:00,ondata,Public repositories by onData association,Legal Tech,legal-tech,Pre-seed,Unknown,64.0,-35.0,4.0,0.0,0.0,Framework migration,44.7,Quiet,Absolute engineering velocity,Momentum cooling,https://github.com/ondata,http://ondata.it,https://signals.gitdealflow.com/startup/ondata
2026-08-10,Q3 2026,2026-08-10T08:54:03.448000+00:00,onflow,"A fast, secure, and developer-friendly blockchain built to support the next generation of games, apps, and the digital a",Web3,web3,Growth,Unknown,6.0,-85.0,99.0,0.0,0.0,Framework migration,31.2,Quiet,Team depth,Momentum cooling,https://github.com/onflow,https://flow.com,https://signals.gitdealflow.com/startup/onflow
2026-08-10,Q3 2026,2026-08-10T08:54:03.448000+00:00,open-condo-software,"open condo software is aenterprise saas growth startup based in LATAM, modernizing their technology stack for scale.",PropTech,proptech,Growth,LATAM,44.0,-17.0,50.0,0.0,0.0,Framework migration,51.7,Watch,Commit acceleration,Momentum cooling,https://github.com/open-condo-software,,https://signals.gitdealflow.com/startup/open-condo-software
2026-08-10,Q3 2026,2026-08-10T08:54:03.448000+00:00,open-space-collective,Collaborative space.,Space Tech,space-tech,Pre-seed,Unknown,47.0,-6.0,5.0,0.0,0.0,Framework migration,48.8,Quiet,Commit acceleration,Momentum cooling,https://github.com/open-space-collective,,https://signals.gitdealflow.com/startup/open-space-collective
2026-08-10,Q3 2026,2026-08-10T08:54:03.448000+00:00,open-telemetry,"OpenTelemetry makes robust, portable telemetry a built-in feature of cloud-native software.",Data Infrastructure,data-infrastructure,Growth,Unknown,22.0,-48.0,100.0,0.0,1.0,Framework migration,48.8,Quiet,Absolute engineering velocity,Momentum cooling,https://github.com/open-telemetry,https://opentelemetry.io,https://signals.gitdealflow.com/startup/open-telemetry
2026-08-10,Q3 2026,2026-08-10T08:54:03.448000+00:00,opengeos,A collection of open-source software packages for the geospatial community,PropTech,proptech,Seed,US,176.0,-4.0,12.0,375.0,0.0,Engineering hiring burst,72.2,Strong,Contributor growth,None,https://github.com/opengeos,https://opengeos.org,https://signals.gitdealflow.com/startup/opengeos
2026-08-10,Q3 2026,2026-08-10T08:54:03.448000+00:00,openlinker-project,"openlinker project is ae-commerce infrastructure seed startup, modernizing their technology stack for scale.",E-commerce Infrastructure,ecommerce-infrastructure,Seed,Unknown,51.0,-51.0,8.0,0.0,2.0,Framework migration,47.8,Quiet,Absolute engineering velocity,Momentum cooling,https://github.com/openlinker-project,https://openlinker.io,https://signals.gitdealflow.com/startup/openlinker-project
2026-08-10,Q3 2026,2026-08-10T08:54:03.448000+00:00,opensearch-project,"OpenSearch is a community-driven, Apache 2.0-licensed open source search and analytics suite that makes it easy to inges",Data Infrastructure,data-infrastructure,Growth,Unknown,23.0,-30.0,100.0,0.0,0.0,Framework migration,48.2,Quiet,Commit acceleration,Momentum cooling,https://github.com/opensearch-project,https://opensearch.org,https://signals.gitdealflow.com/startup/opensearch-project
2026-08-10,Q3 2026,2026-08-10T08:54:03.448000+00:00,opensensorhub,Java-based middleware for building better Sensor Webs and the Internet of Things,Social & Community,social-community,Series A/B,Unknown,3.0,-70.0,22.0,0.0,0.0,Framework migration,28.2,Quiet,Contributor growth,Momentum cooling,https://github.com/opensensorhub,http://www.opensensorhub.org,https://signals.gitdealflow.com/startup/opensensorhub
2026-08-10,Q3 2026,2026-08-10T08:54:03.448000+00:00,opensource-socialnetwork,Social Networking CMS written in php similar to facebook,Social & Community,social-community,Series A/B,US,3.0,-77.0,23.0,0.0,1.0,Framework migration,32.2,Quiet,Repository expansion,Momentum cooling,https://github.com/opensource-socialnetwork,https://www.opensource-socialnetwork.org,https://signals.gitdealflow.com/startup/opensource-socialnetwork
2026-08-10,Q3 2026,2026-08-10T08:54:03.448000+00:00,orangecoding,"❤️ Fredy - [F]ind [R]eal [E]state [D]amn Eas[y] - Fredy keeps searching for new apartments, houses, and flats in Germany on platforms like ImmoScout24, Immowelt, Immonet, eBay Kleinanzeigen, and WG-Gesucht and instantly delivers the results to you via Slack, Telegram, Email, Discord or ntfy, so you can focus on the more important things in life ;)",PropTech,proptech,Series A/B,Unknown,4.0,-56.0,43.0,0.0,0.0,Framework migration,33.8,Quiet,Commit acceleration,Momentum cooling,https://github.com/orangecoding,,https://signals.gitdealflow.com/startup/orangecoding
2026-08-10,Q3 2026,2026-08-10T08:54:03.448000+00:00,orbiternassp,"orbiternassp is aspace tech series a/b startup, modernizing their technology stack for scale.",Space Tech,space-tech,Series A/B,Unknown,7.0,-53.0,37.0,0.0,0.0,Framework migration,36.8,Quiet,Commit acceleration,Momentum cooling,https://github.com/orbiternassp,https://nassp.space,https://signals.gitdealflow.com/startup/orbiternassp
2026-08-10,Q3 2026,2026-08-10T08:54:03.448000+00:00,ossimlabs,"Collection of repositories comprising the OSSIM and OMAR projects. Make sure you clone ""ossim"" repository first!",Space Tech,space-tech,Series A/B,Unknown,1.0,999.0,34.0,0.0,0.0,Deploy frequency spike,52.3,Watch,Commit acceleration,None,https://github.com/ossimlabs,,https://signals.gitdealflow.com/startup/ossimlabs
2026-08-10,Q3 2026,2026-08-10T08:54:03.448000+00:00,osunyorg,CMS d'intérêt général,EdTech,edtech,Pre-seed,EU,91.0,18.0,6.0,0.0,1.0,Framework migration,59.0,Watch,Commit acceleration,None,https://github.com/osunyorg,https://www.osuny.org,https://signals.gitdealflow.com/startup/osunyorg
2026-08-10,Q3 2026,2026-08-10T08:54:03.448000+00:00,otter-sec,Blockchain consulting and audits,EdTech,edtech,Growth,Unknown,9.0,-47.0,100.0,0.0,0.0,Framework migration,41.0,Quiet,Commit acceleration,Momentum cooling,https://github.com/otter-sec,https://osec.io,https://signals.gitdealflow.com/startup/otter-sec
2026-08-10,Q3 2026,2026-08-10T08:54:03.448000+00:00,pactflow,Contract testing for teams: the easy and safe way to ship distributed systems quickly.,Legal Tech,legal-tech,Pre-seed,APAC,3.0,50.0,5.0,0.0,0.0,Framework migration,42.1,Quiet,Commit acceleration,None,https://github.com/pactflow,https://pactflow.io,https://signals.gitdealflow.com/startup/pactflow
2026-08-10,Q3 2026,2026-08-10T08:54:03.448000+00:00,paradigmxyz,A research-driven technology investment firm.,Web3,web3,Series A/B,Unknown,61.0,-58.0,29.0,55.0,0.0,Engineering hiring burst,58.3,Watch,Contributor growth,None,https://github.com/paradigmxyz,https://paradigm.xyz,https://signals.gitdealflow.com/startup/paradigmxyz
2026-08-10,Q3 2026,2026-08-10T08:54:03.448000+00:00,phamos-eu,"Implementing, Consulting and Developing ERPNext",Supply Chain,supply-chain,Seed,EU,33.0,-28.0,18.0,53.0,1.0,Engineering hiring burst,66.8,Strong,Contributor growth,None,https://github.com/phamos-eu,https://phamos.eu,https://signals.gitdealflow.com/startup/phamos-eu
2026-08-10,Q3 2026,2026-08-10T08:54:03.448000+00:00,pharmaverse,"pharmaverse is ahealthcare growth startup based in EU, modernizing their technology stack for scale.",Healthcare,healthcare,Growth,EU,2.0,0.0,97.0,0.0,0.0,Framework migration,42.9,Quiet,Commit acceleration,None,https://github.com/pharmaverse,,https://signals.gitdealflow.com/startup/pharmaverse
2026-08-10,Q3 2026,2026-08-10T08:54:03.448000+00:00,phase-rs,"phase rs is agaming growth startup based in US, modernizing their technology stack for scale.",Gaming,gaming,Growth,US,715.0,6.0,88.0,0.0,0.0,Framework migration,58.8,Watch,Commit acceleration,None,https://github.com/phase-rs,https://preview.phase-rs.dev,https://signals.gitdealflow.com/startup/phase-rs
2026-08-10,Q3 2026,2026-08-10T08:54:03.448000+00:00,phoenixctms,Phoenix Clinical Trial Management System,Supply Chain,supply-chain,Pre-seed,Unknown,51.0,89.0,4.0,254.0,0.0,Engineering hiring burst,72.1,Strong,Commit acceleration,None,https://github.com/phoenixctms,https://www.phoenixctms.org,https://signals.gitdealflow.com/startup/phoenixctms
2026-08-10,Q3 2026,2026-08-10T08:54:03.448000+00:00,pluginsGLPI,Official GLPI Project Plugins organization,Supply Chain,supply-chain,Series A/B,EU,2.0,-50.0,30.0,0.0,0.0,Framework migration,32.0,Quiet,Commit acceleration,Momentum cooling,https://github.com/pluginsGLPI,http://plugins.glpi-project.org,https://signals.gitdealflow.com/startup/pluginsglpi
2026-08-10,Q3 2026,2026-08-10T08:54:03.448000+00:00,pneumaticapp,Unlimited Workflow Management,HR Tech,hr-tech,Seed,US,23.0,-36.0,9.0,0.0,0.0,Framework migration,41.8,Quiet,Commit acceleration,Momentum cooling,https://github.com/pneumaticapp,https://www.pneumatic.app,https://signals.gitdealflow.com/startup/pneumaticapp
2026-08-10,Q3 2026,2026-08-10T08:54:03.448000+00:00,polarsource,Turn your software into a business,Enterprise SaaS,enterprise-saas,Seed,Unknown,2.0,999.0,13.0,0.0,0.0,Deploy frequency spike,51.9,Watch,Commit acceleration,None,https://github.com/polarsource,https://polar.sh,https://signals.gitdealflow.com/startup/polarsource
2026-08-10,Q3 2026,2026-08-10T08:54:03.448000+00:00,polkadot-api,"Polkadot-API is a meticulously crafted suite of libraries, each designed to be composable, modular, and aligned with a """,Web3,web3,Seed,Unknown,2.0,999.0,17.0,100.0,1.0,Engineering hiring burst,71.5,Strong,Commit acceleration,None,https://github.com/polkadot-api,,https://signals.gitdealflow.com/startup/polkadot-api
2026-08-10,Q3 2026,2026-08-10T08:54:03.448000+00:00,publicmap,Public maps by the Public,Legal Tech,legal-tech,Pre-seed,Unknown,1.0,0.0,6.0,0.0,0.0,Framework migration,36.2,Quiet,Commit acceleration,None,https://github.com/publicmap,,https://signals.gitdealflow.com/startup/publicmap
2026-08-10,Q3 2026,2026-08-10T08:54:03.448000+00:00,pyck-ai,We build an Open-Source Warehouse Management Framework for the AI-driven era.,Supply Chain,supply-chain,Pre-seed,EU,32.0,-18.0,4.0,188.0,0.0,Engineering hiring burst,62.6,Watch,Contributor growth,None,https://github.com/pyck-ai,https://pyck.ai,https://signals.gitdealflow.com/startup/pyck-ai
2026-08-10,Q3 2026,2026-08-10T08:54:03.448000+00:00,pysnippet,Non-profit organization contributing to open-source,Social & Community,social-community,Seed,Unknown,14.0,999.0,8.0,0.0,0.0,Deploy frequency spike,58.1,Watch,Commit acceleration,None,https://github.com/pysnippet,https://pysnippet.org,https://signals.gitdealflow.com/startup/pysnippet
2026-08-10,Q3 2026,2026-08-10T08:54:03.448000+00:00,radcrew,"We specialize in the convergence of Blockchain and Artificial Intelligence, building the infrastructure for a decentrali",PropTech,proptech,Pre-seed,Unknown,28.0,999.0,6.0,18.0,0.0,Deploy frequency spike,68.2,Strong,Commit acceleration,None,https://github.com/radcrew,https://github.com/radcrew,https://signals.gitdealflow.com/startup/radcrew
2026-08-10,Q3 2026,2026-08-10T08:54:03.448000+00:00,rapidez,"Headless Magento - with Laravel, Tailwind CSS, Vue and InstantSearch 🚀",E-commerce Infrastructure,ecommerce-infrastructure,Seed,EU,4.0,100.0,15.0,0.0,1.0,Framework migration,51.9,Watch,Commit acceleration,None,https://github.com/rapidez,https://rapidez.io,https://signals.gitdealflow.com/startup/rapidez
2026-08-10,Q3 2026,2026-08-10T08:54:03.448000+00:00,redpanda-data,The streaming data platform for developers,Data Infrastructure,data-infrastructure,Growth,US,91.0,-71.0,100.0,19.0,1.0,Framework migration,57.2,Watch,Absolute engineering velocity,None,https://github.com/redpanda-data,https://redpanda.com,https://signals.gitdealflow.com/startup/redpanda-data
2026-08-10,Q3 2026,2026-08-10T08:54:03.448000+00:00,reductstore,High Performance Data Backbone for Robotics and Industrial IoT,Robotics,robotics,Pre-seed,EU,5.0,-17.0,7.0,31.0,1.0,Framework migration,53.5,Watch,Contributor growth,None,https://github.com/reductstore,https://www.reduct.store,https://signals.gitdealflow.com/startup/reductstore
2026-08-10,Q3 2026,2026-08-10T08:54:03.448000+00:00,relaticle,"Relaticle builds tools for creating, managing, and scaling relational data-driven experiences across modern applications",Enterprise SaaS,enterprise-saas,Seed,Unknown,4.0,300.0,16.0,0.0,0.0,Deploy frequency spike,51.2,Watch,Commit acceleration,None,https://github.com/relaticle,https://relaticle.com,https://signals.gitdealflow.com/startup/relaticle
2026-08-10,Q3 2026,2026-08-10T08:54:03.448000+00:00,relizaio,"relizaio is asupply chain pre-seed startup based in Canada, rapidly expanding their engineering team.",Supply Chain,supply-chain,Pre-seed,Canada,6.0,999.0,4.0,400.0,2.0,Engineering hiring burst,77.0,Strong,Commit acceleration,None,https://github.com/relizaio,http://reliza.io,https://signals.gitdealflow.com/startup/relizaio
2026-08-10,Q3 2026,2026-08-10T08:54:03.448000+00:00,rerun-io,"The data layer for physical AI. Log, query, visualize, and stream to training on shared columnar storage built for multi",Robotics,robotics,Growth,EU,57.0,-37.0,100.0,0.0,4.0,Infrastructure buildout,61.4,Watch,Absolute engineering velocity,Momentum cooling,https://github.com/rerun-io,https://www.rerun.io,https://signals.gitdealflow.com/startup/rerun-io
2026-08-10,Q3 2026,2026-08-10T08:54:03.448000+00:00,robot-descriptions,Robot descriptions and software to access them.,Robotics,robotics,Seed,Unknown,1.0,999.0,15.0,0.0,0.0,Deploy frequency spike,50.5,Watch,Commit acceleration,None,https://github.com/robot-descriptions,,https://signals.gitdealflow.com/startup/robot-descriptions
2026-08-10,Q3 2026,2026-08-10T08:54:03.448000+00:00,rocketride-org,"rocketride org is adata infrastructure series a/b startup based in US, modernizing their technology stack for scale.",Data Infrastructure,data-infrastructure,Series A/B,US,28.0,-57.0,45.0,0.0,0.0,Framework migration,41.1,Quiet,Absolute engineering velocity,Momentum cooling,https://github.com/rocketride-org,https://rocketride.org,https://signals.gitdealflow.com/startup/rocketride-org
2026-08-10,Q3 2026,2026-08-10T08:54:03.448000+00:00,rocky-data,SQL transformation engine built in Rust,Data Infrastructure,data-infrastructure,Seed,Unknown,76.0,-21.0,9.0,0.0,0.0,Framework migration,49.4,Quiet,Absolute engineering velocity,Momentum cooling,https://github.com/rocky-data,https://rocky-data.dev,https://signals.gitdealflow.com/startup/rocky-data
2026-08-10,Q3 2026,2026-08-10T08:54:03.448000+00:00,ros-navigation,ROS Navigation Stack,Robotics,robotics,Growth,US,10.0,0.0,100.0,26.0,0.0,Framework migration,58.1,Watch,Commit acceleration,None,https://github.com/ros-navigation,https://nav2.org,https://signals.gitdealflow.com/startup/ros-navigation
2026-08-10,Q3 2026,2026-08-10T08:54:03.448000+00:00,rosteleset,Ассоциация РОСТЕЛЕСЕТЬ,PropTech,proptech,Pre-seed,Unknown,10.0,999.0,3.0,0.0,0.0,Deploy frequency spike,55.0,Watch,Commit acceleration,None,https://github.com/rosteleset,https://rosteleset.ru,https://signals.gitdealflow.com/startup/rosteleset
2026-08-10,Q3 2026,2026-08-10T08:54:03.448000+00:00,rpgppengine,An experimental 2D RPG game engine written in C++.,Gaming,gaming,Pre-seed,Unknown,31.0,520.0,4.0,34.0,0.0,Deploy frequency spike,66.3,Strong,Commit acceleration,None,https://github.com/rpgppengine,https://rpgpp.dev,https://signals.gitdealflow.com/startup/rpgppengine
2026-08-10,Q3 2026,2026-08-10T08:54:03.448000+00:00,rspace-os,RSpace - Open source research platform for institutional research data managment,Supply Chain,supply-chain,Seed,UK,6.0,100.0,10.0,0.0,0.0,Framework migration,47.9,Quiet,Commit acceleration,None,https://github.com/rspace-os,https://www.researchspace.com,https://signals.gitdealflow.com/startup/rspace-os
2026-08-10,Q3 2026,2026-08-10T08:54:03.448000+00:00,rspatial,"The R packages terra, luna, raster, geosphere and friends. See ""github.com/r-spatial"" for ""sf"" c.s.",AgTech,agtech,Series A/B,Unknown,32.0,52.0,49.0,0.0,0.0,Framework migration,56.0,Watch,Commit acceleration,None,https://github.com/rspatial,https://github.com/rspatial,https://signals.gitdealflow.com/startup/rspatial
2026-08-10,Q3 2026,2026-08-10T08:54:03.448000+00:00,rt-net,"rt net is arobotics pre-seed startup based in APAC, shipping product updates at an accelerated pace.",Robotics,robotics,Pre-seed,APAC,1.0,999.0,5.0,0.0,0.0,Deploy frequency spike,48.4,Quiet,Commit acceleration,None,https://github.com/rt-net,https://rt-net.jp,https://signals.gitdealflow.com/startup/rt-net
2026-08-10,Q3 2026,2026-08-10T08:54:03.448000+00:00,rudderlabs,Steer your Customer Data,Data Infrastructure,data-infrastructure,Growth,US,17.0,-23.0,100.0,0.0,0.0,Framework migration,47.8,Quiet,Commit acceleration,Momentum cooling,https://github.com/rudderlabs,https://www.rudderstack.com,https://signals.gitdealflow.com/startup/rudderlabs
2026-08-10,Q3 2026,2026-08-10T08:54:03.448000+00:00,saas-js,"saas js is aenterprise saas series a/b startup, shipping product updates at an accelerated pace.",Enterprise SaaS,enterprise-saas,Series A/B,Unknown,11.0,999.0,37.0,0.0,0.0,Deploy frequency spike,60.4,Watch,Commit acceleration,None,https://github.com/saas-js,https://www.saas-ui.dev,https://signals.gitdealflow.com/startup/saas-js
2026-08-10,Q3 2026,2026-08-10T08:54:03.448000+00:00,sablier-labs,"Infrastructure for onchain token distribution. DAOs and businesses use Sablier for vesting, payroll, airdrops, and more.",HR Tech,hr-tech,Seed,UK,16.0,14.0,11.0,0.0,0.0,Framework migration,48.0,Quiet,Commit acceleration,None,https://github.com/sablier-labs,https://sablier.com,https://signals.gitdealflow.com/startup/sablier-labs
2026-08-10,Q3 2026,2026-08-10T08:54:03.448000+00:00,saleor,The made-to-measure commerce API. Built for developers and agents.,E-commerce Infrastructure,ecommerce-infrastructure,Growth,Unknown,22.0,-12.0,100.0,41.0,0.0,Framework migration,60.6,Watch,Contributor growth,None,https://github.com/saleor,https://saleor.io,https://signals.gitdealflow.com/startup/saleor
2026-08-10,Q3 2026,2026-08-10T08:54:03.448000+00:00,samply,"samply is ahealthcare series a/b startup, rapidly expanding their engineering team.",Healthcare,healthcare,Series A/B,Unknown,21.0,-58.0,20.0,59.0,0.0,Engineering hiring burst,53.1,Watch,Contributor growth,None,https://github.com/samply,,https://signals.gitdealflow.com/startup/samply
2026-08-10,Q3 2026,2026-08-10T08:54:03.448000+00:00,sapic,"We started as a simple website to crop backgrounds to showcases for Steam profiles, and we now do many projects that per",AgTech,agtech,Pre-seed,US,4.0,999.0,7.0,0.0,0.0,Deploy frequency spike,53.0,Watch,Commit acceleration,None,https://github.com/sapic,https://steam.design,https://signals.gitdealflow.com/startup/sapic
2026-08-10,Q3 2026,2026-08-10T08:54:03.448000+00:00,sarvalabs,"sarvalabs is aweb3 pre-seed startup, modernizing their technology stack for scale.",Web3,web3,Pre-seed,Unknown,1.0,0.0,4.0,0.0,0.0,Framework migration,35.3,Quiet,Commit acceleration,None,https://github.com/sarvalabs,,https://signals.gitdealflow.com/startup/sarvalabs
2026-08-10,Q3 2026,2026-08-10T08:54:03.448000+00:00,scribe-org,Open-source language solutions,EdTech,edtech,Growth,EU,6.0,0.0,59.0,250.0,0.0,Engineering hiring burst,64.7,Watch,Contributor growth,None,https://github.com/scribe-org,https://scri.be,https://signals.gitdealflow.com/startup/scribe-org
2026-08-10,Q3 2026,2026-08-10T08:54:03.448000+00:00,securitybunker,"securitybunker is alegal tech pre-seed startup, rapidly expanding their engineering team.",Legal Tech,legal-tech,Pre-seed,Unknown,1.0,-94.0,3.0,100.0,0.0,Engineering hiring burst,34.3,Quiet,Contributor growth,None,https://github.com/securitybunker,https://databunker.org,https://signals.gitdealflow.com/startup/securitybunker
2026-08-10,Q3 2026,2026-08-10T08:54:03.448000+00:00,selfpatch,"selfpatch is arobotics pre-seed startup, rapidly expanding their engineering team.",Robotics,robotics,Pre-seed,Unknown,62.0,-57.0,7.0,106.0,0.0,Engineering hiring burst,57.6,Watch,Contributor growth,None,https://github.com/selfpatch,,https://signals.gitdealflow.com/startup/selfpatch
2026-08-10,Q3 2026,2026-08-10T08:54:03.448000+00:00,simpledotorg,"The fast, free app for clinicians to track patients with high blood pressure and diabetes.",Healthcare,healthcare,Series A/B,Unknown,1.0,0.0,37.0,0.0,1.0,Framework migration,44.9,Quiet,Commit acceleration,None,https://github.com/simpledotorg,https://simple.org,https://signals.gitdealflow.com/startup/simpledotorg
2026-08-10,Q3 2026,2026-08-10T08:54:03.448000+00:00,skybrush-io,The next-generation drone show software,Robotics,robotics,Seed,Unknown,48.0,118.0,9.0,0.0,0.0,Framework migration,56.1,Watch,Commit acceleration,None,https://github.com/skybrush-io,https://skybrush.io,https://signals.gitdealflow.com/startup/skybrush-io
2026-08-10,Q3 2026,2026-08-10T08:54:03.448000+00:00,slothflowlabs,"We build high-performance technologies for analytics, AI, data engineering, and modern applications. Creator of Duckle.",Data Infrastructure,data-infrastructure,Seed,US,53.0,-41.0,8.0,0.0,0.0,Framework migration,44.4,Quiet,Absolute engineering velocity,Momentum cooling,https://github.com/slothflowlabs,,https://signals.gitdealflow.com/startup/slothflowlabs
2026-08-10,Q3 2026,2026-08-10T08:54:03.448000+00:00,solana-foundation,"Solana Foundation is a non-profit organization dedicated to the decentralization, resilience, and security of the Solana",Web3,web3,Series A/B,EU,3.0,-57.0,39.0,0.0,0.0,Framework migration,32.1,Quiet,Commit acceleration,Momentum cooling,https://github.com/solana-foundation,https://solana.org,https://signals.gitdealflow.com/startup/solana-foundation
2026-08-10,Q3 2026,2026-08-10T08:54:03.448000+00:00,solidusio,Become the brand everyone talks about.,E-commerce Infrastructure,ecommerce-infrastructure,Growth,Unknown,4.0,100.0,100.0,0.0,0.0,Framework migration,50.7,Watch,Commit acceleration,None,https://github.com/solidusio,https://solidus.io,https://signals.gitdealflow.com/startup/solidusio
2026-08-10,Q3 2026,2026-08-10T08:54:03.448000+00:00,sonic-pi-net,Sonic Pi Network,EdTech,edtech,Growth,Unknown,94.0,-8.0,100.0,173.0,0.0,Engineering hiring burst,74.3,Strong,Contributor growth,None,https://github.com/sonic-pi-net,https://sonic-pi.net,https://signals.gitdealflow.com/startup/sonic-pi-net
2026-08-10,Q3 2026,2026-08-10T08:54:03.448000+00:00,spectrocloud,Enterprise Kubernetes Management at Scale,EdTech,edtech,Series A/B,US,1.0,-80.0,38.0,0.0,1.0,Framework migration,30.0,Quiet,Repository expansion,Momentum cooling,https://github.com/spectrocloud,https://www.spectrocloud.com,https://signals.gitdealflow.com/startup/spectrocloud
2026-08-10,Q3 2026,2026-08-10T08:54:03.448000+00:00,spedas,Space Physics Environment Data Analysis Software,Space Tech,space-tech,Series A/B,Unknown,27.0,80.0,39.0,226.0,3.0,Engineering hiring burst,80.8,Breakout,Commit acceleration,None,https://github.com/spedas,https://www.spedas.org,https://signals.gitdealflow.com/startup/spedas
2026-08-10,Q3 2026,2026-08-10T08:54:03.448000+00:00,speedyapply,Streamlining career growth.,HR Tech,hr-tech,Pre-seed,Unknown,10.0,-33.0,5.0,0.0,0.0,Framework migration,38.4,Quiet,Commit acceleration,Momentum cooling,https://github.com/speedyapply,https://speedyapply.com,https://signals.gitdealflow.com/startup/speedyapply
2026-08-10,Q3 2026,2026-08-10T08:54:03.448000+00:00,splintered-reality,Behaviour trees in python,Robotics,robotics,Seed,Unknown,5.0,999.0,15.0,0.0,0.0,Deploy frequency spike,55.5,Watch,Commit acceleration,None,https://github.com/splintered-reality,,https://signals.gitdealflow.com/startup/splintered-reality
2026-08-10,Q3 2026,2026-08-10T08:54:03.448000+00:00,starlake-ai,"starlake ai is adata infrastructure pre-seed startup based in EU, shipping product updates at an accelerated pace.",Data Infrastructure,data-infrastructure,Pre-seed,EU,6.0,999.0,7.0,0.0,2.0,Deploy frequency spike,61.3,Watch,Commit acceleration,None,https://github.com/starlake-ai,,https://signals.gitdealflow.com/startup/starlake-ai
2026-08-10,Q3 2026,2026-08-10T08:54:03.448000+00:00,starwards,"starwards is aspace tech pre-seed startup, modernizing their technology stack for scale.",Space Tech,space-tech,Pre-seed,Unknown,14.0,56.0,5.0,10.0,0.0,Framework migration,55.3,Watch,Commit acceleration,None,https://github.com/starwards,https://blog.starwards.space,https://signals.gitdealflow.com/startup/starwards
2026-08-10,Q3 2026,2026-08-10T08:54:03.448000+00:00,status-im,"The open source, decentralised crypto communication super app.  Communities, Messenger, Wallet, Browser.",Web3,web3,Growth,EU,5.0,-89.0,100.0,0.0,1.0,Framework migration,35.6,Quiet,Repository expansion,Momentum cooling,https://github.com/status-im,https://status.app,https://signals.gitdealflow.com/startup/status-im
2026-08-10,Q3 2026,2026-08-10T08:54:03.448000+00:00,stella,Open-source legal workspace,Legal Tech,legal-tech,Pre-seed,Unknown,47.0,15.0,6.0,31.0,1.0,Framework migration,65.5,Strong,Commit acceleration,None,https://github.com/stella,https://stll.app,https://signals.gitdealflow.com/startup/stella
2026-08-10,Q3 2026,2026-08-10T08:54:03.448000+00:00,subsquid,Blockchain data infrastructure for Web3 developers: validated data across 225+ networks plus the Squid SDK and Pipes SDK,Data Infrastructure,data-infrastructure,Series A/B,Unknown,11.0,-83.0,40.0,219.0,0.0,Engineering hiring burst,50.6,Watch,Contributor growth,None,https://github.com/subsquid,https://sqd.dev,https://signals.gitdealflow.com/startup/subsquid
2026-08-10,Q3 2026,2026-08-10T08:54:03.448000+00:00,sunlabuiuc,"sunlabuiuc is ahealthcare growth startup, modernizing their technology stack for scale.",Healthcare,healthcare,Growth,Unknown,1.0,-50.0,56.0,0.0,0.0,Framework migration,31.5,Quiet,Commit acceleration,Momentum cooling,https://github.com/sunlabuiuc,http://sunlab.org,https://signals.gitdealflow.com/startup/sunlabuiuc
2026-08-10,Q3 2026,2026-08-10T08:54:03.448000+00:00,superlinked,Compute tooling for vector-powered apps.,Data Infrastructure,data-infrastructure,Pre-seed,Unknown,15.0,67.0,5.0,16.0,0.0,Framework migration,56.4,Watch,Commit acceleration,None,https://github.com/superlinked,https://superlinked.com,https://signals.gitdealflow.com/startup/superlinked
2026-08-10,Q3 2026,2026-08-10T08:54:03.448000+00:00,swellstores,Sell creatively,E-commerce Infrastructure,ecommerce-infrastructure,Series A/B,US,2.0,999.0,29.0,100.0,2.0,Engineering hiring burst,73.8,Strong,Commit acceleration,None,https://github.com/swellstores,https://swell.is,https://signals.gitdealflow.com/startup/swellstores
2026-08-10,Q3 2026,2026-08-10T08:54:03.448000+00:00,tae0y,🏠 Ask Claude about Korean apartment prices — powered by 국토교통부 open API,PropTech,proptech,Pre-seed,Unknown,7.0,999.0,3.0,133.0,0.0,Engineering hiring burst,68.4,Strong,Commit acceleration,None,https://github.com/tae0y,,https://signals.gitdealflow.com/startup/tae0y
2026-08-10,Q3 2026,2026-08-10T08:54:03.448000+00:00,temporalio,"Open source durable execution system. Write code that’s fault tolerant, durable, and simple.",Enterprise SaaS,enterprise-saas,Growth,Unknown,74.0,32.0,100.0,0.0,0.0,Framework migration,59.9,Watch,Commit acceleration,None,https://github.com/temporalio,https://temporal.io,https://signals.gitdealflow.com/startup/temporalio
2026-08-10,Q3 2026,2026-08-10T08:54:03.448000+00:00,tempoxyz,Tempo is the blockchain designed for payments.,E-commerce Infrastructure,ecommerce-infrastructure,Growth,Unknown,42.0,-45.0,72.0,0.0,3.0,Infrastructure buildout,57.2,Watch,Absolute engineering velocity,Momentum cooling,https://github.com/tempoxyz,https://tempo.xyz,https://signals.gitdealflow.com/startup/tempoxyz
2026-08-10,Q3 2026,2026-08-10T08:54:03.448000+00:00,the-momentum,"Building scalable, secure, and compliant healthtech solutions. We empower startups and scaleups to innovate and grow and",Healthcare,healthcare,Seed,Unknown,3.0,-73.0,9.0,400.0,0.0,Engineering hiring burst,45.5,Quiet,Contributor growth,None,https://github.com/the-momentum,https://www.themomentum.ai,https://signals.gitdealflow.com/startup/the-momentum
2026-08-10,Q3 2026,2026-08-10T08:54:03.448000+00:00,third-culture-software,"third culture software is ahealthcare series a/b startup, modernizing their technology stack for scale.",Healthcare,healthcare,Series A/B,Unknown,25.0,19.0,28.0,34.0,0.0,Framework migration,61.6,Watch,Commit acceleration,None,https://github.com/third-culture-software,https://blog.thirdculturesoftware.com,https://signals.gitdealflow.com/startup/third-culture-software
2026-08-10,Q3 2026,2026-08-10T08:54:03.448000+00:00,thirtybees,thirty bees is a free open source ecommerce platform dedicated to providing the features our users want.,E-commerce Infrastructure,ecommerce-infrastructure,Growth,EU,1.0,0.0,100.0,0.0,1.0,Framework migration,47.0,Quiet,Commit acceleration,None,https://github.com/thirtybees,https://thirtybees.com,https://signals.gitdealflow.com/startup/thirtybees
2026-08-10,Q3 2026,2026-08-10T08:54:03.448000+00:00,thunder-engine,An open source game engine is written in C++ with a flexible architecture,Gaming,gaming,Seed,Unknown,4.0,-75.0,17.0,36.0,0.0,Framework migration,37.3,Quiet,Contributor growth,None,https://github.com/thunder-engine,https://thunderengine.org,https://signals.gitdealflow.com/startup/thunder-engine
2026-08-10,Q3 2026,2026-08-10T08:54:03.448000+00:00,towardsai,The leading AI community and content platform focused on making AI accessible to all.,EdTech,edtech,Pre-seed,US,28.0,-42.0,3.0,400.0,3.0,Engineering hiring burst,65.8,Strong,Contributor growth,None,https://github.com/towardsai,https://towardsai.net,https://signals.gitdealflow.com/startup/towardsai
2026-08-10,Q3 2026,2026-08-10T08:54:03.448000+00:00,tradingstrategy-ai,Algorithmic trading strategy framework for decentralised markets,Web3,web3,Seed,Unknown,82.0,-32.0,15.0,43.0,0.0,Framework migration,58.7,Watch,Absolute engineering velocity,None,https://github.com/tradingstrategy-ai,https://tradingstrategy.ai,https://signals.gitdealflow.com/startup/tradingstrategy-ai
2026-08-10,Q3 2026,2026-08-10T08:54:03.448000+00:00,trovu,"Web shortcuts, social, private.",Social & Community,social-community,Pre-seed,Unknown,1.0,-89.0,3.0,0.0,0.0,Framework migration,18.3,Quiet,Contributor growth,Momentum cooling,https://github.com/trovu,https://trovu.net,https://signals.gitdealflow.com/startup/trovu
2026-08-10,Q3 2026,2026-08-10T08:54:03.448000+00:00,trustwallet,True crypto ownership. Powerful Web3 experiences,Web3,web3,Seed,Unknown,4.0,999.0,9.0,0.0,1.0,Deploy frequency spike,58.6,Watch,Commit acceleration,None,https://github.com/trustwallet,https://trustwallet.com,https://signals.gitdealflow.com/startup/trustwallet
2026-08-10,Q3 2026,2026-08-10T08:54:03.448000+00:00,tutors-sdk,A collection of open source components & services supporting the creation of transformative learning experiences using o,EdTech,edtech,Series A/B,Unknown,27.0,145.0,21.0,400.0,0.0,Engineering hiring burst,75.0,Strong,Commit acceleration,None,https://github.com/tutors-sdk,https://tutors.dev,https://signals.gitdealflow.com/startup/tutors-sdk
2026-08-10,Q3 2026,2026-08-10T08:54:03.448000+00:00,tuva-health,The community building the future of healthcare analytics,Healthcare,healthcare,Series A/B,US,3.0,999.0,48.0,0.0,3.0,Infrastructure buildout,63.6,Watch,Commit acceleration,None,https://github.com/tuva-health,http://thetuvaproject.com,https://signals.gitdealflow.com/startup/tuva-health
2026-08-10,Q3 2026,2026-08-10T08:54:03.448000+00:00,ucfopen,"ucfopen is aedtech pre-seed startup, shipping product updates at an accelerated pace.",EdTech,edtech,Pre-seed,Unknown,1.0,999.0,4.0,0.0,0.0,Deploy frequency spike,47.8,Quiet,Commit acceleration,None,https://github.com/ucfopen,,https://signals.gitdealflow.com/startup/ucfopen
2026-08-10,Q3 2026,2026-08-10T08:54:03.448000+00:00,unacms,Unified Networking Applications,Social & Community,social-community,Seed,Unknown,87.0,38.0,11.0,19.0,0.0,Framework migration,64.1,Watch,Commit acceleration,None,https://github.com/unacms,https://unacms.com,https://signals.gitdealflow.com/startup/unacms
2026-08-10,Q3 2026,2026-08-10T08:54:03.448000+00:00,usertour,an open-source user onboarding platform.,HR Tech,hr-tech,Pre-seed,APAC,34.0,-66.0,6.0,0.0,0.0,Framework migration,35.8,Quiet,Absolute engineering velocity,Momentum cooling,https://github.com/usertour,https://usertour.io,https://signals.gitdealflow.com/startup/usertour
2026-08-10,Q3 2026,2026-08-10T08:54:03.448000+00:00,ut-issl,東京大学 航空宇宙工学専攻 船瀬・五十里研究室の公開リポジトリ,Space Tech,space-tech,Pre-seed,APAC,54.0,-10.0,4.0,74.0,3.0,Engineering hiring burst,71.7,Strong,Contributor growth,None,https://github.com/ut-issl,https://www.space.t.u-tokyo.ac.jp,https://signals.gitdealflow.com/startup/ut-issl
2026-08-10,Q3 2026,2026-08-10T08:54:03.448000+00:00,vanilophp,Truly Laravel E-commerce Framework,E-commerce Infrastructure,ecommerce-infrastructure,Series A/B,EU,1.0,999.0,22.0,0.0,0.0,Deploy frequency spike,51.3,Watch,Commit acceleration,None,https://github.com/vanilophp,https://vanilo.io,https://signals.gitdealflow.com/startup/vanilophp
2026-08-10,Q3 2026,2026-08-10T08:54:03.448000+00:00,vendurehq,Headless Enterprise E-Commerce Platform built on an Open Source Core,E-commerce Infrastructure,ecommerce-infrastructure,Growth,Unknown,32.0,-54.0,100.0,38.0,1.0,Framework migration,59.0,Watch,Contributor growth,None,https://github.com/vendurehq,https://vendure.io,https://signals.gitdealflow.com/startup/vendurehq
2026-08-10,Q3 2026,2026-08-10T08:54:03.448000+00:00,verl-project,"A unified VLA post-training framework for human-in-the-loop data collection, fine-tuning, and reinforcement learning.",Robotics,robotics,Pre-seed,Unknown,34.0,-41.0,4.0,138.0,1.0,Engineering hiring burst,63.4,Watch,Contributor growth,None,https://github.com/verl-project,,https://signals.gitdealflow.com/startup/verl-project
2026-08-10,Q3 2026,2026-08-10T08:54:03.448000+00:00,vuestorefront,Alokai is the Lighting-Fast Frontend Platform for Headless Commerce,E-commerce Infrastructure,ecommerce-infrastructure,Seed,Unknown,2.0,999.0,8.0,0.0,0.0,Deploy frequency spike,51.0,Watch,Commit acceleration,None,https://github.com/vuestorefront,https://www.alokai.com,https://signals.gitdealflow.com/startup/vuestorefront
2026-08-10,Q3 2026,2026-08-10T08:54:03.448000+00:00,wasp-lang,"Batteries included full-stack framework for React, Node.js and Prisma.",Enterprise SaaS,enterprise-saas,Growth,Unknown,16.0,-61.0,100.0,0.0,3.0,Infrastructure buildout,50.0,Watch,Repository expansion,Momentum cooling,https://github.com/wasp-lang,https://wasp.sh,https://signals.gitdealflow.com/startup/wasp-lang
2026-08-10,Q3 2026,2026-08-10T08:54:03.448000+00:00,wevm,TypeScript tools for the frontier,Web3,web3,Series A/B,Unknown,5.0,999.0,21.0,0.0,0.0,Deploy frequency spike,56.2,Watch,Commit acceleration,None,https://github.com/wevm,https://wevm.dev,https://signals.gitdealflow.com/startup/wevm
2026-08-10,Q3 2026,2026-08-10T08:54:03.448000+00:00,wp-erp,An Open Source ERP Solution for WordPress,HR Tech,hr-tech,Growth,Unknown,4.0,-64.0,59.0,0.0,0.0,Framework migration,32.0,Quiet,Contributor growth,Momentum cooling,https://github.com/wp-erp,https://wperp.com,https://signals.gitdealflow.com/startup/wp-erp
2026-08-10,Q3 2026,2026-08-10T08:54:03.448000+00:00,yzxingtu2026,AI 原生多租户 SaaS 开发框架 — FastAPI + Vue 3 + PostgreSQL，内置 AI Agent、RAG、插件系统、RBAC、异步任务等核心能力，助力快速构建行业 SaaS 应用。,Enterprise SaaS,enterprise-saas,Pre-seed,Unknown,11.0,-45.0,4.0,171.0,1.0,Engineering hiring burst,58.2,Watch,Contributor growth,None,https://github.com/yzxingtu2026,,https://signals.gitdealflow.com/startup/yzxingtu2026
2026-08-10,Q3 2026,2026-08-10T08:54:03.448000+00:00,zapplyjobs,Free job boards and career resources for students & new grads,Robotics,robotics,Pre-seed,US,1050.0,-23.0,7.0,0.0,2.0,Framework migration,56.5,Watch,Absolute engineering velocity,Momentum cooling,https://github.com/zapplyjobs,https://zapply.jobs,https://signals.gitdealflow.com/startup/zapplyjobs
2026-08-10,Q3 2026,2026-08-10T08:54:03.448000+00:00,zenstackhq,Build scalable web apps with minimum code,Enterprise SaaS,enterprise-saas,Growth,US,1.0,-86.0,78.0,0.0,0.0,Framework migration,24.9,Quiet,Contributor growth,Momentum cooling,https://github.com/zenstackhq,https://zenstack.dev,https://signals.gitdealflow.com/startup/zenstackhq
2026-08-10,Q3 2026,2026-08-10T08:54:03.448000+00:00,zoonk,learn. build. shape.,EdTech,edtech,Pre-seed,Unknown,36.0,71.0,5.0,0.0,0.0,Framework migration,52.9,Watch,Commit acceleration,None,https://github.com/zoonk,https://zoonk.com,https://signals.gitdealflow.com/startup/zoonk
